sample_id,judge_reason,numeric_discrepancies,semantic_discrepancies
sample_bd2cf345c8d137d2,"SHAP signs and magnitudes for the listed features are reported correctly. The explanation then implies that high SHAP means a high-frequency or influential feature, and it treats the top-k subset as showing no opposing features overall. The omitted features are unknown, and the 'no opposing features' statement is limited to the list.",[],"[{""quote"": ""the high frequency (0.002451) makes it influential"", ""candidate_path"": ""/candidate_analysis/evidence_analysis/2/assessment"", ""reason"": ""The influence comes from the SHAP value, not from the feature value. The value semantics are unestablished, and 0.00245 is not a high frequency compared with INC INC.""}, {""quote"": ""Because many independent features agree and the model's probability is high, I assess this as high-confidence"", ""candidate_path"": ""/candidate_analysis/explanation"", ""reason"": ""Agreement among top-k features does not make them independent. The RF probability is not calibrated confidence, and omitted features and the baseline are unknown.""}]"
sample_57fcdfb9a49474ab,"SHAP directions and magnitudes are reported correctly: all listed contributions are positive except MOV TEST, with values matching within rounding. But the candidate misstates the counts of positive and zero-valued features and presents the absence mechanism as established.",[],"[{""quote"": ""All 18 positive-SHAP n-grams"", ""candidate_path"": ""/candidate_analysis/explanation"", ""reason"": ""The supplied top-20 list contains 19 positive-SHAP features.""}, {""quote"": ""Of the top 20 n-grams, 13 have a relative frequency of 0.000000"", ""candidate_path"": ""/candidate_analysis/explanation"", ""reason"": ""Only 11 of the top 20 have value 0.0.""}, {""quote"": ""13 of the top 20 n-grams have zero frequency, so their positive SHAP comes from absence"", ""candidate_path"": ""/candidate_analysis/key_indicators/2"", ""reason"": ""Same count error. The 'comes from absence' mechanism is asserted although feature value semantics are not established by the artifact.""}]"
sample_d01e7753ad483e1e,"SHAP signs, ranks and individual magnitudes are reported accurately, and the explanation notes that SHAP values are modest. However, it sums the top-20 SHAP values as a total (""roughly +0.12"") without a baseline or the omitted features, and it states that ""No feature argues against that label"", which overreaches because the top-k subset cannot exclude omitted opposing features. It also describes the large SHAP values of zero-valued features as showing ""the model is weighing them heavily"", though their magnitudes are small and equal to other features.",[],"[{""quote"": ""No feature argues against that label."", ""candidate_path"": ""/candidate_analysis/explanation"", ""reason"": ""Only the top-20 positive features are supplied, so omitted features may have negative SHAP values; the statement cannot be established.""}, {""quote"": ""Their large SHAP values show that the model is weighing them heavily."", ""candidate_path"": ""/candidate_analysis/explanation"", ""reason"": ""The SHAP values for these features (about 0.0045–0.0101) are in the same modest range as the rest, which the explanation itself calls \""modest\""; \""large\"" and \""heavily\"" overstate their magnitude.""}, {""quote"": ""all 20 top SHAP features push toward cryptojacking (+0.0044 to +0.0102 each, roughly +0.12 in total)"", ""candidate_path"": ""/candidate_analysis/explanation"", ""reason"": ""The +0.12 total is a top-k sum with no baseline or omitted features, so it is not a verdict-level quantity; the direction assumes target class 1, which is only a configured assumption.""}]"
sample_394bbb3ce8692137,"Signs and magnitudes (+0.005164 to +0.009755) and per-feature values are reported correctly, but the explanation overstates what the top-k and the positive SHAP values show. SHAP features are presented as 'the combined rotate and carry-arithmetic signal' and as a mining signature, and 'no opposing features' is stated without an omitted-feature caveat. 'Most frequent' misreads the feature value.",[],"[{""quote"": ""no opposing features"", ""candidate_path"": ""/candidate_analysis/explanation"", ""reason"": ""Only the top-k is available, and full_attributions are null; omitted features could oppose.""}, {""quote"": ""PUSH CALL is the most frequent n-gram at 0.021411"", ""candidate_path"": ""/candidate_analysis/explanation"", ""reason"": ""Value semantics are not established as frequency/count, and the claim holds only within the top-k at best.""}, {""quote"": ""its high SHAP value suggests it is distributive of the malware profile"", ""candidate_path"": ""/candidate_analysis/evidence_analysis/2/assessment"", ""reason"": ""ADD PUSH has a SHAP of +0.008211, only third-highest, and the wording is garbled; the SHAP value shows model contribution, not a distinctive malware property.""}]"
sample_cd3a450033238ee9,"SHAP signs and most magnitudes match, and the claim that no single n-gram dominates is reasonable. The explanation misreports the POP PUSH SHAP value and presents feature values as SHAP weights.","[{""quote"": ""0.005024"", ""candidate_path"": ""/candidate_analysis/evidence_analysis/18/shap_contribution"", ""evidence_reference"": ""/evidence/top_features"", ""category"": ""shap_misrepresentation"", ""reason"": ""N-gram 'POP PUSH': reported SHAP=0.005024; input=0.007022125324876851; tolerance=5e-07""}]","[{""quote"": ""0.005024"", ""candidate_path"": ""/candidate_analysis/evidence_analysis/18/shap_contribution"", ""reason"": ""The actual SHAP value for POP PUSH is 0.007022; 0.005024 is its feature value.""}, {""quote"": ""The high-frequency stack and call-setup patterns (PUSH CALL 0.030419, MOV PUSH 0.020764, CALL PUSH 0.013916, XOR PUSH 0.007852, ADD PUSH 0.007169, POP PUSH 0.005024) also carry sizeable SHAP weight."", ""candidate_path"": ""/candidate_analysis/explanation"", ""reason"": ""The numbers are feature values rather than SHAP contributions, which are about 0.0078 to 0.0115 for these n-grams. This conflates value with attribution.""}, {""quote"": ""Call-heavy stack-staging patterns (PUSH CALL 0.030419, MOV PUSH 0.020764, CALL PUSH 0.013916) indicating dense call-and-spill code"", ""candidate_path"": ""/candidate_analysis/key_indicators/2"", ""reason"": ""The listed numbers are feature values and are not labeled as such in a SHAP-focused indicator.""}]"
sample_d5b94b9267f570b1,"SHAP signs and displayed values are accurate, but the explanation misdescribes relative SHAP strength by ranking SIMD n-grams, including a near-minimum one, as the strongest signals.",[],"[{""quote"": ""The strongest signals are the SIMD/vector patterns PXOR PXOR (0.002631 frequency, SHAP +0.012465), PXOR MOVAPS (+0.012389), MOVDQA MOVAPS (0.003790 frequency, +0.008580), PXOR MOVUPS (+0.007949), and MOVDQA PAND (+0.006065)."", ""candidate_path"": ""/candidate_analysis/explanation"", ""reason"": ""POP SUB (+0.012611) is the top SHAP feature and ADD ROR (+0.011592) outranks several listed SIMD features; MOVDQA PAND (+0.006065) is among the weakest of the 20.""}]"
sample_1929713fbdc101d6,"The reported SHAP signs, ranks and magnitudes match the evidence, and the explanation correctly notes the diffuse positive contributions. It also asserts a cause for MOV PUSH's SHAP value that the evidence does not support.",[],"[{""quote"": ""Its SHAP contribution comes from volume and is not an indicator of mining."", ""candidate_path"": ""/candidate_analysis/evidence_analysis/8/assessment"", ""reason"": ""This states a causal source for the SHAP contribution without a baseline, full attributions or established feature-value semantics.""}]"
sample_e7a136fa33c3ec08,"Signs, magnitudes and the top feature are accurate, and the explanation notes that omitted features are unknown only implicitly. It overstates the SHAP signal as a 'unanimous, strongly weighted signal' supporting high confidence, though the values are small (0.0055 to 0.015) and the top-k subset cannot rule out omitted benign-supporting features. It also reads feature values as frequencies.",[],"[{""quote"": ""No n-gram pushes toward benign."", ""candidate_path"": ""/candidate_analysis/explanation"", ""reason"": ""Only the top-20 positive features are supplied. This cannot establish that no omitted n-gram supports benign.""}, {""quote"": ""the model's unanimous, strongly weighted signal from compute-intensive crypto primitives"", ""candidate_path"": ""/candidate_analysis/explanation"", ""reason"": ""The SHAP contributions are small, the subset is partial, and the n-grams are not shown to be crypto primitives.""}, {""quote"": ""ADD ROR has the highest frequency (0.000617)"", ""candidate_path"": ""/candidate_analysis/explanation"", ""reason"": ""The artifact says feature values must not be treated as raw counts without upstream confirmation.""}]"
sample_8123cb6ba5923d7b,"The reported SHAP signs, ranks and magnitudes match the evidence. However, the candidate treats the positive top-20 subset as if it excluded benign-leaning evidence, and it calls a feature with a modest SHAP value 'strong'.",[],"[{""quote"": ""No evidence points toward benign behavior."", ""candidate_path"": ""/candidate_analysis/explanation"", ""reason"": ""A positive top-k subset cannot show that no omitted feature supports benign. Full attributions and the baseline are null.""}, {""quote"": ""it strongly influenced the model"", ""candidate_path"": ""/candidate_analysis/evidence_analysis/3/assessment"", ""reason"": ""MOV SYSCALL has SHAP +0.011085, about 0.0006 below the top feature (+0.011675), and the other top features have SHAP values in the same narrow range. The word 'strongly' is not supported relative to the unknown full attribution distribution.""}]"
sample_80cec21bb25f27ab,"Signs, individual magnitudes and the 18/2 direction split are faithful. The aggregate claim that most positive contribution comes from common observed patterns misstates relative magnitude, and the zero-feature count is misreported.",[],"[{""quote"": ""Most of the positive contributions come from very common compiler-generated patterns"", ""candidate_path"": ""/candidate_analysis/explanation"", ""reason"": ""The listed patterns account for about 44% of positive top-20 SHAP. The zero-valued features contribute more, so 'most' misrepresents magnitude.""}, {""quote"": ""Twelve of the 20 n-grams have a frequency of 0.000000 in this binary"", ""candidate_path"": ""/candidate_analysis/explanation"", ""reason"": ""Only 11 top features have value 0.0, so the count of zero-valued positive-SHAP features is misreported.""}]"
sample_7f87aac413d85952,SHAP directions (all positive for class 1) and the range +0.0065 to +0.0134 are reported accurately. The explanation misstates the SHAP rank of INC PUSH and overstates the share of SHAP signal from zero-valued features.,[],"[{""quote"": ""though the frequency explains its strong model influence"", ""candidate_path"": ""/candidate_analysis/evidence_analysis/9/assessment"", ""reason"": ""INC PUSH's SHAP value (0.008656) is mid-ranked among the top 20, not strong, and no evidence ties its frequency to that magnitude.""}, {""quote"": ""Eleven of the 20 features have a frequency of 0.000000"", ""candidate_path"": ""/candidate_analysis/explanation"", ""reason"": ""Only eight features are zero-valued, so the claim that 'much of the SHAP signal' comes from absence is overstated. Those eight account for about 37% of the top-20 SHAP sum.""}]"
sample_1c7e91dff42dabf5,"Cited SHAP values, signs and n-gram names match the evidence. But it treats the top-20 positive subset as implying no feature argues against the class, which the evidence cannot establish. The sign interpretation also depends on an unverified configured target-class assumption.",[],"[{""quote"": ""so no feature argues against it"", ""candidate_path"": ""/candidate_analysis/explanation"", ""reason"": ""Omitted features and baseline are unknown (full_attributions and shap_baseline are null), so a positive top-k subset cannot establish the absence of benign-supporting features.""}, {""quote"": ""Consistent additive SHAP contributions across diverse n-grams, with no counter-evidence among the top features"", ""candidate_path"": ""/candidate_analysis/key_indicators/3"", ""reason"": ""The restriction to 'among the top features' is correct, but presenting it as a key indicator of consistency implies more than a top-k subset supports. The earlier claim is unqualified.""}]"
sample_35b8ba9e8c39e3b3,"Signs, the +0.0087 to +0.0176 range, and per-feature magnitudes are faithfully reported. The only problems are minor misstatements of SHAP rank.","[{""quote"": ""0.0158"", ""candidate_path"": ""/candidate_analysis/evidence_analysis/1/shap_contribution"", ""evidence_reference"": ""/evidence/top_features"", ""category"": ""shap_misrepresentation"", ""reason"": ""N-gram 'PUSH RET': reported SHAP=0.0158; input=0.015801329744830006; tolerance=5e-07""}, {""quote"": ""0.015"", ""candidate_path"": ""/candidate_analysis/evidence_analysis/2/shap_contribution"", ""evidence_reference"": ""/evidence/top_features"", ""category"": ""shap_misrepresentation"", ""reason"": ""N-gram 'CDQ MOV': reported SHAP=0.015; input=0.014993981573062514; tolerance=5e-07""}, {""quote"": ""0.0146"", ""candidate_path"": ""/candidate_analysis/evidence_analysis/3/shap_contribution"", ""evidence_reference"": ""/evidence/top_features"", ""category"": ""shap_misrepresentation"", ""reason"": ""N-gram 'CALL PUSH': reported SHAP=0.0146; input=0.014587404533636692; tolerance=5e-07""}, {""quote"": ""0.0145"", ""candidate_path"": ""/candidate_analysis/evidence_analysis/4/shap_contribution"", ""evidence_reference"": ""/evidence/top_features"", ""category"": ""shap_misrepresentation"", ""reason"": ""N-gram 'MOV RET': reported SHAP=0.0145; input=0.014536654939470551; tolerance=5e-07""}, {""quote"": ""0.0138"", ""candidate_path"": ""/candidate_analysis/evidence_analysis/5/shap_contribution"", ""evidence_reference"": ""/evidence/top_features"", ""category"": ""shap_misrepresentation"", ""reason"": ""N-gram 'SUB PUSH': reported SHAP=0.0138; input=0.013788871558140983; tolerance=5e-07""}, {""quote"": ""0.0137"", ""candidate_path"": ""/candidate_analysis/evidence_analysis/6/shap_contribution"", ""evidence_reference"": ""/evidence/top_features"", ""category"": ""shap_misrepresentation"", ""reason"": ""N-gram 'ADD PUSH': reported SHAP=0.0137; input=0.013677769943438823; tolerance=5e-07""}, {""quote"": ""0.0122"", ""candidate_path"": ""/candidate_analysis/evidence_analysis/7/shap_contribution"", ""evidence_reference"": ""/evidence/top_features"", ""category"": ""shap_misrepresentation"", ""reason"": ""N-gram 'MOVZX PUSH': reported SHAP=0.0122; input=0.012228677015489579; tolerance=5e-07""}, {""quote"": ""0.012"", ""candidate_path"": ""/candidate_analysis/evidence_analysis/8/shap_contribution"", ""evidence_reference"": ""/evidence/top_features"", ""category"": ""shap_misrepresentation"", ""reason"": ""N-gram 'XOR PUSH': reported SHAP=0.012; input=0.012012567563961298; tolerance=5e-07""}, {""quote"": ""0.0117"", ""candidate_path"": ""/candidate_analysis/evidence_analysis/9/shap_contribution"", ""evidence_reference"": ""/evidence/top_features"", ""category"": ""shap_misrepresentation"", ""reason"": ""N-gram 'MOV PUSH': reported SHAP=0.0117; input=0.011725454849280595; tolerance=5e-07""}, {""quote"": ""0.0108"", ""candidate_path"": ""/candidate_analysis/evidence_analysis/10/shap_contribution"", ""evidence_reference"": ""/evidence/top_features"", ""category"": ""shap_misrepresentation"", ""reason"": ""N-gram 'POP CALL': reported SHAP=0.0108; input=0.010819678582764211; tolerance=5e-07""}, {""quote"": ""0.0107"", ""candidate_path"": ""/candidate_analysis/evidence_analysis/11/shap_contribution"", ""evidence_reference"": ""/evidence/top_features"", ""category"": ""shap_misrepresentation"", ""reason"": ""N-gram 'POP XCHG': reported SHAP=0.0107; input=0.010705450174004642; tolerance=5e-07""}, {""quote"": ""0.0102"", ""candidate_path"": ""/candidate_analysis/evidence_analysis/13/shap_contribution"", ""evidence_reference"": ""/evidence/top_features"", ""category"": ""shap_misrepresentation"", ""reason"": ""N-gram 'LEA PUSH': reported SHAP=0.0102; input=0.010193055383695838; tolerance=5e-07""}, {""quote"": ""0.0098"", ""candidate_path"": ""/candidate_analysis/evidence_analysis/14/shap_contribution"", ""evidence_reference"": ""/evidence/top_features"", ""category"": ""shap_misrepresentation"", ""reason"": ""N-gram 'INC PUSH': reported SHAP=0.0098; input=0.009811606715907159; tolerance=5e-07""}, {""quote"": ""0.0097"", ""candidate_path"": ""/candidate_analysis/evidence_analysis/15/shap_contribution"", ""evidence_reference"": ""/evidence/top_features"", ""category"": ""shap_misrepresentation"", ""reason"": ""N-gram 'MOV LEAVE': reported SHAP=0.0097; input=0.009747299657118536; tolerance=5e-07""}, {""quote"": ""0.0094"", ""candidate_path"": ""/candidate_analysis/evidence_analysis/16/shap_contribution"", ""evidence_reference"": ""/evidence/top_features"", ""category"": ""shap_misrepresentation"", ""reason"": ""N-gram 'PUSH CALL': reported SHAP=0.0094; input=0.009366891890483401; tolerance=5e-07""}, {""quote"": ""0.0088"", ""candidate_path"": ""/candidate_analysis/evidence_analysis/17/shap_contribution"", ""evidence_reference"": ""/evidence/top_features"", ""category"": ""shap_misrepresentation"", ""reason"": ""N-gram 'LEA IDIV': reported SHAP=0.0088; input=0.008780123147023061; tolerance=5e-07""}, {""quote"": ""0.0088"", ""candidate_path"": ""/candidate_analysis/evidence_analysis/18/shap_contribution"", ""evidence_reference"": ""/evidence/top_features"", ""category"": ""shap_misrepresentation"", ""reason"": ""N-gram 'NEG POP': reported SHAP=0.0088; input=0.008762172183701736; tolerance=5e-07""}, {""quote"": ""0.0087"", ""candidate_path"": ""/candidate_analysis/evidence_analysis/19/shap_contribution"", ""evidence_reference"": ""/evidence/top_features"", ""category"": ""shap_misrepresentation"", ""reason"": ""N-gram 'SUB SBB': reported SHAP=0.0087; input=0.008740430747330531; tolerance=5e-07""}]","[{""quote"": ""The highest-SHAP n-grams (CALL RET, PUSH RET, CDQ MOV, MOV RET)"", ""candidate_path"": ""/candidate_analysis/explanation"", ""reason"": ""The fourth-highest SHAP n-gram is CALL PUSH (0.014587); MOV RET is fifth (0.014537).""}, {""quote"": ""Rare control-flow idioms with the highest SHAP weights: CALL RET (+0.0176), PUSH RET (+0.0158), MOV RET (+0.0145), POP CALL (+0.0108)"", ""candidate_path"": ""/candidate_analysis/key_indicators/2"", ""reason"": ""POP CALL is eleventh among the listed features, not among the highest. The list also skips higher-ranked CDQ MOV and CALL PUSH.""}]"
sample_934228fab9568ced,"Signs, the 19-of-20 count, the single negative feature and the magnitudes are reported accurately, and the limits on decisiveness are stated. However, rare or low-value features are described as ""frequent"" and ""high frequency"", which misstates what the feature values mean, and the SHAP-ranked patterns are over-read as a hash loop.",[],"[{""quote"": ""High frequency of SSE bitwise patterns (PXOR MOVDQA, PXOR PXOR, PXOR MOVDQU, MOVDQA PAND)"", ""candidate_path"": ""/candidate_analysis/key_indicators/0"", ""reason"": ""The values for PXOR MOVDQU (0.000256) and MOVDQA PAND (0.000207) are not high, and their semantics as frequencies are unestablished.""}, {""quote"": ""The most credible signals are the frequent SIMD and rotate patterns."", ""candidate_path"": ""/candidate_analysis/explanation"", ""reason"": ""This treats the feature values as frequencies and ranks credibility by them, although SHAP magnitudes for these are not larger than for rare features like MOVZX PUSH.""}]"
sample_011401ea285ee25f,"SHAP signs and values are reported correctly, but the candidate generalizes to an even spread and an overall statistical profile from only the top-20 subset, with no baseline or full attributions.",[],"[{""quote"": ""The SHAP contributions are spread evenly with no dominant feature, which suggests the model is responding to an overall statistical profile"", ""candidate_path"": ""/candidate_analysis/explanation"", ""reason"": ""Cannot be established from top-k SHAP values; omitted features and baseline are unknown.""}, {""quote"": ""Strongest contributor."", ""candidate_path"": ""/candidate_analysis/evidence_analysis/0/assessment"", ""reason"": ""This is true only within the supplied top-20 list; the candidate does not qualify it as a top-k claim.""}]"
sample_e85da107ddd1f8af,"The signs, ordering and rounded values match the supplied SHAP, and the claim that all 20 top features push toward class 1 is correct. But the explanation misreads feature values as frequencies and cluster-level SHAP as proof of specific code behavior. It also implies the top-k list supports a high-confidence call without full attributions or a baseline.",[],"[{""quote"": ""its prominence at similar frequencies (~0.001) points to repeated, unrolled round-like code"", ""candidate_path"": ""/candidate_analysis/explanation"", ""reason"": ""The artifact says feature values must not be treated as raw counts, so SHAP-associated values cannot be read as frequencies indicating unrolled code.""}, {""quote"": ""the combination of SIMD bit-mixing and rotate/add hashing patterns across the top-ranked features supports a high-confidence cryptojacking call"", ""candidate_path"": ""/candidate_analysis/explanation"", ""reason"": ""Positive SHAP values on a top-k subset only show model association. They do not establish hashing behavior, and omitted features are unknown.""}]"
sample_4dd14927df358c81,"Signs, magnitudes and the 'all 20 positive' statement for the top-k subset are reported accurately. One ranking misrepresentation and one loose generalization of the top-k result remain.",[],"[{""quote"": ""Unusual short-sequence patterns (CALL RET, PUSH RET, POP XCHG) that carry the highest SHAP weights"", ""candidate_path"": ""/candidate_analysis/key_indicators/3"", ""reason"": ""POP XCHG ranks 12th of 20 (+0.010773), so it is not among the highest SHAP weights.""}, {""quote"": ""given the model's unanimous malware signal"", ""candidate_path"": ""/candidate_analysis/recommended_action"", ""reason"": ""Unanimity applies only to the displayed top-20 subset, not to all features.""}]"
sample_2a1ad21b1c13e274,"SHAP signs, magnitudes, ranks and range are reported accurately for the top 20 features. The absolute statement that no n-gram opposes the prediction goes beyond the top-k subset, and the target-class assumption is not carried into the text.",[],"[{""quote"": ""No n-gram pushes the other way."", ""candidate_path"": ""/candidate_analysis/explanation"", ""reason"": ""Omitted features and the SHAP baseline are unknown, and a positive top-k subset cannot show that no other feature supports the opposite class.""}]"
sample_e9f18681e9754814,"Signs, magnitudes, ranking and the claim that all 20 top contributions are positive match the evidence. However, one statement downplays the arithmetic features' contribution on the basis of low n-gram values, contradicting their SHAP values.",[],"[{""quote"": ""They occur at very low frequency (0.000719 to 0.002158), so their weight is limited."", ""candidate_path"": ""/candidate_analysis/explanation"", ""reason"": ""CDQ MOV (+0.014996) is ranked third by SHAP, and the group is comparable in contribution to other top features. A low feature value does not imply limited SHAP weight, and the value semantics are unconfirmed.""}]"
sample_b6d105891666bfe2,"SHAP signs, values and ranking are mostly represented accurately, and feature frequencies for the listed n-grams match. But the candidate treats the feature values as frequencies despite the artifact disclaiming raw-count semantics, and it asserts direction toward cryptojacking without noting the target-class assumption.",[],"[{""quote"": ""CALL PUSH (+0.014588, freq 0.050109)"", ""candidate_path"": ""/candidate_analysis/explanation"", ""reason"": ""The evidence states feature value semantics are not established and should not be treated as raw counts; 'freq' presents them as frequencies.""}, {""quote"": ""High frequency (0.050109)."", ""candidate_path"": ""/candidate_analysis/evidence_analysis/3/assessment"", ""reason"": ""Same issue: the value's semantics are unconfirmed upstream, yet it is described as a frequency and as 'High'.""}, {""quote"": ""all 20 listed n-grams push toward cryptojacking"", ""candidate_path"": ""/candidate_analysis/explanation"", ""reason"": ""The target class 1 is only a configured assumption, flagged to verify upstream, and the candidate states the direction without that caveat.""}]"
sample_eeace79aef4e2799,"Signs, magnitudes and feature names are accurately reproduced, but the explanation misuses the positive top-k subset to claim no benign-leaning features and uniform direction, and it treats unconfirmed feature values as frequencies.",[],"[{""quote"": ""No benign-leaning features appear in the evidence."", ""candidate_path"": ""/candidate_analysis/explanation"", ""reason"": ""The top-k positive subset cannot show that no omitted feature supports benign; full attributions and baseline are null.""}, {""quote"": ""all 20 top SHAP features push toward cryptojacking"", ""candidate_path"": ""/candidate_analysis/explanation"", ""reason"": ""Accurate for the supplied top 20, but it is presented as support for a collective conclusion; the target class is a configured assumption pending verification.""}, {""quote"": ""the uniform direction of SHAP contributions make a strong case for cryptojacking"", ""candidate_path"": ""/candidate_analysis/explanation"", ""reason"": ""Uniform positive direction is a consequence of top-k selection and does not establish that the overall case is strong.""}]"
sample_c68fb9e81c01c222,"The SHAP signs, magnitudes and ranking match the evidence. The faithfulness problem is an overgeneralization from the top-k subset, which the rubric treats as unable to show that no omitted feature supports benign.",[],"[{""quote"": ""so no listed feature argues against cryptojacking"", ""candidate_path"": ""/candidate_analysis/explanation"", ""reason"": ""It correctly refers to listed features, but the conclusion is used to support the verdict even though omitted features and the baseline are unknown. It also equates class-1 SHAP with cryptojacking specifically.""}, {""quote"": ""Frequent (0.001172) and consistent with vectorized state mixing or zeroing in mining loops."", ""candidate_path"": ""/candidate_analysis/evidence_analysis/3/assessment"", ""reason"": ""It uses feature values as frequencies and ties SHAP contribution to mining loops, although the value semantics are unconfirmed and no loop evidence exists.""}]"
sample_0ae664a4aa83dcc1,"Signs, rounded magnitudes and feature names match the supplied top-20 list, and all are positive for configured class 1. However, the explanation extends the top-k result to a global claim about benign-pushing features.",[],"[{""quote"": ""No n-gram pushes toward benign."", ""candidate_path"": ""/candidate_analysis/explanation"", ""reason"": ""Only 20 features are supplied (full_attributions is null), so an absence of benign-pushing features cannot be concluded for the full feature set.""}]"
sample_7a5dfafe1bb17c70,"Signs, rounded magnitudes and the +0.0069 to +0.0170 range match the evidence, but the explanation claims the absence of any benign-leaning features from a top-k positive subset and reads feature values as frequencies despite the explicit semantics caveat.",[],"[{""quote"": ""the absence of any benign-leaning features support a high-confidence call"", ""candidate_path"": ""/candidate_analysis/explanation"", ""reason"": ""Full attributions are null; only the top-20 positive features are shown, so omitted benign-leaning features cannot be excluded.""}, {""quote"": ""the high frequency of the vector n-grams (MOVQ PUNPCKLQDQ at 0.0070, PXOR MOVDQA at 0.0019)"", ""candidate_path"": ""/candidate_analysis/explanation"", ""reason"": ""Feature values are not established as raw counts or frequencies, and these values are small.""}]"
sample_f2dc6484d0d6f6f8,"Signs, rankings, values and the two cited frequencies are reproduced accurately. However, the candidate overstates what the top-20 subset can show by asserting that none offsets the features and that the verdict rests on the combined pattern. It also treats the feature values as frequencies although semantics are unconfirmed.",[],"[{""quote"": ""All 20 of the top n-grams push toward cryptojacking, and none offsets them."", ""candidate_path"": ""/candidate_analysis/explanation"", ""reason"": ""Omitted features and baseline are unknown, so a positive top-k subset cannot show that nothing offsets these features; also class 1 is a configured assumption.""}, {""quote"": ""so the verdict rests on the combined pattern"", ""candidate_path"": ""/candidate_analysis/explanation"", ""reason"": ""Without full attributions, the claim about what the verdict rests on is unsupported.""}, {""quote"": ""PXOR MOVUPS (+0.014856, the strongest and also the most frequent at 0.001517)"", ""candidate_path"": ""/candidate_analysis/explanation"", ""reason"": ""Values are accurate for the listed subset, but 'frequent' treats feature values as frequencies, which the artifact says is not established, and 'most frequent' holds only among the top-20 listed.""}]"
sample_300a685c22780d2b,"The SHAP directions (all positive for the configured class 1) and the rounded magnitudes match the evidence. However, the explanation makes small numerical and scope overreaches about SHAP: a threshold stated slightly too low, a decomposition claim from a top-k subset, and an absence-driven reading built on a wrong count.",[],"[{""quote"": ""No single SHAP contribution exceeds +0.0175"", ""candidate_path"": ""/candidate_analysis/explanation"", ""reason"": ""The CMOVZ MOV SHAP value is 0.017501879, which marginally exceeds 0.0175. This is a minor numerical imprecision.""}, {""quote"": ""so the prediction rests on the accumulated weight of many weak signals"", ""candidate_path"": ""/candidate_analysis/explanation"", ""reason"": ""Baseline and full attributions are null and only the top-20 positive subset is supplied, so the overall composition of the prediction cannot be established.""}, {""quote"": ""11 of 20 top n-grams have zero frequency, so the SHAP signal is largely absence-driven and non-specific"", ""candidate_path"": ""/candidate_analysis/key_indicators/3"", ""reason"": ""The zero-valued count is 12, and 'absence-driven' interprets feature values whose semantics the artifact says are not established.""}]"
sample_2e9b977af6703f3b,"All SHAP signs and nearly all magnitudes are reported correctly, and POP XOR is correctly named the strongest contributor. However, one magnitude is wrong, and the 'no counter-evidence' claim overextends a top-20 subset.","[{""quote"": ""0.005024"", ""candidate_path"": ""/candidate_analysis/evidence_analysis/18/shap_contribution"", ""evidence_reference"": ""/evidence/top_features"", ""category"": ""shap_misrepresentation"", ""reason"": ""N-gram 'POP PUSH': reported SHAP=0.005024; input=0.007022125324876851; tolerance=5e-07""}]","[{""quote"": ""0.005024"", ""candidate_path"": ""/candidate_analysis/evidence_analysis/18/shap_contribution"", ""reason"": ""POP PUSH SHAP is 0.007022 in the evidence. The value reported is its feature value, which also breaks the stated +0.007 to +0.012 range.""}, {""quote"": ""All 20 top SHAP features push toward cryptojacking, with no counter-evidence"", ""candidate_path"": ""/candidate_analysis/key_indicators/1"", ""reason"": ""Only the top-k subset is available (no baseline or full attributions), so absence of counter-evidence cannot be concluded.""}]"
sample_68adc38657f5ff5e,"Signs, rounded magnitudes and the maximum (+0.0131) match the evidence, and AND CMP is correctly the only negative. But the explanation attributes the high score to summed weak contributions and to 'learned association with absence', which the top-k, baseline-less artifact cannot establish.",[],"[{""quote"": ""the high score comes from many weak contributions adding up"", ""candidate_path"": ""/candidate_analysis/explanation"", ""reason"": ""Omitted features and the SHAP baseline are unknown, so the overall score composition cannot be inferred from top-k SHAP values.""}, {""quote"": ""their SHAP contributions reflect the model's learned association with absence rather than observed behavior"", ""candidate_path"": ""/candidate_analysis/explanation"", ""reason"": ""Presented as fact although the meaning of the 0.0 feature values is unconfirmed and the target-class assumption is flagged for upstream verification.""}]"
sample_1de1a0f17178ce95,"SHAP signs and magnitudes (all positive for assumed target class 1, range, ~+0.18 sum, per-feature values) are reported accurately. One statement misdescribes the ranking of the CMOV features.",[],"[{""quote"": ""The conditional-move patterns (CMOVZ MOV, CMP CMOVZ, XOR CMOVNZ) are the top-ranked features"", ""candidate_path"": ""/candidate_analysis/explanation"", ""reason"": ""Only CMOVZ MOV is top-ranked. CMP CMOVZ is 16th and XOR CMOVNZ is 12th in the supplied list.""}]"
sample_ad8222ae969fe9e1,"Signs, rounded magnitudes and the 'unanimous' top-k attribution are largely accurate. But the claims that no feature pushes toward benign and that the SHAP attribution is unanimous extend beyond the top-20 subset. The target class is only a configured assumption.",[],"[{""quote"": ""so no feature pushes toward benign"", ""candidate_path"": ""/candidate_analysis/explanation"", ""reason"": ""Omitted features are unknown, and a positive top-k subset cannot show that no omitted feature supports benign.""}, {""quote"": ""the SHAP attribution is unanimous"", ""candidate_path"": ""/candidate_analysis/explanation"", ""reason"": ""Unanimity is shown only within the top-20 subset, with no full attributions or baseline.""}, {""quote"": ""Top contributor."", ""candidate_path"": ""/candidate_analysis/evidence_analysis/0/assessment"", ""reason"": ""This is correct for the supplied top-k list but is not verifiable globally without full attributions.""}]"
sample_dceba878e56e03c2,"Signs, names and magnitudes of the listed top-20 features match the evidence. But the claim that the pattern is 'highly discriminative' for a feature with value 0.000034, the 'unanimous SHAP direction' used to justify high confidence, and the sustained-use inference from values of unconfirmed semantics overstate what a positive-only top-k subset supports.",[],"[{""quote"": ""Given the unanimous SHAP direction, the breadth of the evidence and the 1.0 model probability"", ""candidate_path"": ""/candidate_analysis/explanation"", ""reason"": ""Unanimity holds only within the top-k subset; omitted features and baseline are unknown, and the target class source is an unverified assumption.""}, {""quote"": ""All 20 top n-grams push the Random Forest toward cryptojacking"", ""candidate_path"": ""/candidate_analysis/explanation"", ""reason"": ""Accurate for the top 20, but it is used as breadth of evidence for the whole sample, which the subset cannot establish.""}, {""quote"": ""but the pattern is highly discriminative"", ""candidate_path"": ""/candidate_analysis/evidence_analysis/0/assessment"", ""reason"": ""Discriminative power is inferred from the SHAP rank of a single feature; this is not supported by the supplied evidence.""}]"
sample_807b85885eedd96f,"All 20 reported SHAP values and their positive signs match the evidence, with the stated range of +0.0062 to +0.0129 and acceptable rounding. The text does not claim that omitted features are all positive. The tier relies partly on the 'unanimous direction of all 20 SHAP values', which is a top-k subset, but it is not presented as covering every feature. The mention of the target class being cryptojacking relies on the configured assumption.","[{""quote"": ""0.01261"", ""candidate_path"": ""/candidate_analysis/evidence_analysis/1/shap_contribution"", ""evidence_reference"": ""/evidence/top_features"", ""category"": ""shap_misrepresentation"", ""reason"": ""N-gram 'FSTP MOV': reported SHAP=0.01261; input=0.012606738288551744; tolerance=5e-07""}]",[]
sample_6e3319d21be7e217,"All 20 listed SHAP values, their signs and the quoted values match the evidence within rounding. The unqualified claim that no n-gram opposes the prediction extends beyond the top-k subset.",[],"[{""quote"": ""No n-gram opposes the prediction."", ""candidate_path"": ""/candidate_analysis/explanation"", ""reason"": ""Full attributions and the SHAP baseline are unavailable, so only the top 20 are known to be positive. Opposition from omitted features cannot be ruled out.""}]"
sample_3006476a0632ee51,"The signs, the magnitudes (within rounding) and the per-feature values match the supplied top_features. The only discrepancy is an overgeneralization from the top-k subset to the model's overall decision structure.",[],"[{""quote"": ""the SHAP contributions are small and evenly spread, so the model's verdict comes from many weak signals rather than a distinctive signature"", ""candidate_path"": ""/candidate_analysis/explanation"", ""reason"": ""The distribution of omitted attributions and the baseline are unknown, so the claim about the full verdict is not supported by the top-20 subset.""}]"
sample_5279e83b624beaba,"Direction, per-feature values, the range and the ~0.18 combined sum are faithful to the supplied top-k SHAP values. One ranking statement overstates the position of two features.",[],"[{""quote"": ""Branchless conditional-move patterns (CMOVZ MOV, CMP CMOVZ, XOR CMOVNZ) rank at the top"", ""candidate_path"": ""/candidate_analysis/key_indicators/3"", ""reason"": ""CMP CMOVZ (0.006956, 16th) and XOR CMOVNZ (0.007577, 12th) are mid-to-low in the top-20 SHAP ranking.""}]"
sample_089057da352528a4,"SHAP signs (all positive toward the configured class 1) and the per-feature magnitudes match the evidence within rounding. The only unfaithful element is the misstated ranking of the top contributors, which is minor.",[],"[{""quote"": ""The highest-ranked n-grams (PUSH MOV, MOV PUSH, SUB PUSH, ADD PUSH, PUSH CALL, MOV LEAVE, LEAVE RET, LEA PUSH, CALL PUSH, INC PUSH)"", ""candidate_path"": ""/candidate_analysis/explanation"", ""reason"": ""The list is not the ten highest SHAP contributors. It includes PUSH CALL (rank 14) and omits the higher-ranked ADD POP, CMOVZ MOV and XOR XOR.""}]"
sample_94663145863c710a,"Listed SHAP signs and rounded magnitudes match the top-20 evidence, and the +0.0083 to +0.0177 range is correct. But the explanation extends top-k results to all features and calls the attribution 'strongly positive', although no baseline or omitted features are available.",[],"[{""quote"": ""No feature argues against it."", ""candidate_path"": ""/candidate_analysis/explanation"", ""reason"": ""A positive top-20 subset cannot show that omitted features do not support the benign class.""}, {""quote"": ""the model's unanimous, strongly positive attribution"", ""candidate_path"": ""/candidate_analysis/explanation"", ""reason"": ""Unanimity holds only within the displayed top-20. Per-feature SHAP values are about 0.008 to 0.018 with no baseline or full attribution, so 'strongly' is unsupported.""}]"
sample_375f6653679c655c,"Individual SHAP signs and magnitudes are reported correctly. However, the explanation generalizes from the top-k subset to the whole probability, and it miscounts the zero-valued features.",[],"[{""quote"": ""The high model probability comes mainly from absent features"", ""candidate_path"": ""/candidate_analysis/explanation"", ""reason"": ""Omitted features, baseline and full attributions are unavailable, so the aggregate source of the probability cannot be determined from the top-20 subset.""}, {""quote"": ""Of the Top-20 n-grams, 16 have a relative frequency of 0.000000"", ""candidate_path"": ""/candidate_analysis/explanation"", ""reason"": ""Only 15 of the top-20 have value 0.0. Of the 20 features, 5 are non-zero.""}]"
sample_8252f3644b80ff1c,"SHAP signs and magnitudes are reported correctly, with all 20 positive and the range right. However, the explanation presents the positive top-k as support for 'more than benign' and presents the values as frequencies despite the unestablished feature semantics. The 'no single feature dominates' observation is consistent with the top-k values.",[],"[{""quote"": ""This is more than benign, since every contribution is positive and the model is certain"", ""candidate_path"": ""/candidate_analysis/explanation"", ""reason"": ""Positive SHAP values for the top-k subset cannot establish that omitted features do not support benign, and no baseline is given.""}, {""quote"": ""Top feature at 0.69% frequency."", ""candidate_path"": ""/candidate_analysis/evidence_analysis/0/assessment"", ""reason"": ""The feature value is interpreted as a percentage frequency although the artifact says its semantics are not established.""}]"
sample_3e08cb3517386895,"Direction (all positive for the assumed class 1) and most magnitudes and ranges are reported correctly. However, the text labels two of the largest-SHAP features as 'smaller contributions' that give only weak support, which misrepresents their magnitude.",[],"[{""quote"": ""Smaller contributions come from ADD MOVQ, ADD FLD, MOV FLD, SHL NEG, POP LEA, POP SUB, ADD PUSH and MOVZX PUSH."", ""candidate_path"": ""/candidate_analysis/explanation"", ""reason"": ""POP LEA (+0.008433) and POP SUB (+0.008118) rank 3rd and 4th by SHAP, above most rotate and SSE features, and ADD PUSH (+0.006817) exceeds several cluster members. Calling them smaller and weak conflates their low value with SHAP magnitude.""}, {""quote"": ""These are rare and individually ambiguous, and they could reflect compiler-generated code, so they add only weak support."", ""candidate_path"": ""/candidate_analysis/explanation"", ""reason"": ""The 'weak support' conclusion contradicts the large SHAP contributions of POP LEA and POP SUB. 'Rare' also rests on value semantics the artifact does not establish.""}, {""quote"": ""with frequencies of 0.0002 to 0.0008"", ""candidate_path"": ""/candidate_analysis/explanation"", ""reason"": ""The SSE-cluster values run from about 0.00008 (PAND PXOR) to 0.0008, so the stated lower bound is imprecise, and the values are not confirmed as frequencies.""}]"
sample_611f77267f67d708,"SHAP signs, ranks and magnitudes match the supplied values (all positive, +0.0055 to +0.0096). But the explanation overstates their meaning: it claims no counter-evidence from a top-k-only list, and it treats the SHAP-weighted features as confirming specific algorithmic behavior. It also does not flag the target class as an unverified configured assumption.",[],"[{""quote"": ""No counter-evidence is present."", ""candidate_path"": ""/candidate_analysis/explanation"", ""reason"": ""Omitted features and the baseline are unknown (full_attributions null), so a positive top-k subset cannot establish absence of benign-supporting features.""}, {""quote"": ""All 20 top SHAP features push toward cryptojacking with no opposing evidence"", ""candidate_path"": ""/candidate_analysis/key_indicators/3"", ""reason"": ""Same issue: 'no opposing evidence' goes beyond the top-20 subset, and the class mapping is a configured assumption.""}, {""quote"": ""the high SHAP value suggests it is characteristic of this binary's code layout, which the model associates with malware."", ""candidate_path"": ""/candidate_analysis/evidence_analysis/2/assessment"", ""reason"": ""Attributing a SHAP contribution to the binary's code layout is an interpretation unsupported by the supplied evidence.""}]"
sample_71c452fe66c00045,Signs and magnitudes of the listed features are reported accurately and the target class is class 1. The discrepancies are scope overreach: the top-k subset is treated as showing no counter-evidence and an even spread of small contributions.,[],"[{""quote"": ""with no counter-evidence"", ""candidate_path"": ""/candidate_analysis/key_indicators/1"", ""reason"": ""A positive top-k subset cannot show that no omitted feature supports the benign class.""}, {""quote"": ""Their contributions are small and spread evenly, with no single dominant signal."", ""candidate_path"": ""/candidate_analysis/explanation"", ""reason"": ""No baseline or full attribution set supports the claims 'small' or 'spread evenly' beyond the displayed top 20.""}]"
sample_f5bf726df3737e16,"SHAP signs, magnitudes, and rankings are reported accurately and the top-k limits are partly acknowledged. However, the explanation says there is ""no counter-evidence among them"" for ""all 20"" and treats the positive top-k as support for a high-confidence cryptojacking judgment, although the omitted features and baseline are unknown. It also states ""Dense"" patterns even though the feature value semantics are unconfirmed.",[],"[{""quote"": ""all 20 of the top n-grams push toward cryptojacking, with no counter-evidence among them"", ""candidate_path"": ""/candidate_analysis/explanation"", ""reason"": ""SHAP target class 1 is a configured assumption that needs verification, and a positive top-k subset cannot rule out omitted benign-supporting features; the full attributions are unavailable.""}, {""quote"": ""All 20 top features push toward the malware class"", ""candidate_path"": ""/candidate_analysis/key_indicators/5"", ""reason"": ""This is accurate for the supplied top-k only, but the omission of full attributions and baseline is not noted here, and the sign refers to an assumed target class.""}, {""quote"": ""Dense SIMD XOR patterns (PXOR MOVAPS, PXOR MOVUPS, PXOR PXOR, VPXOR VMOVDQU)"", ""candidate_path"": ""/candidate_analysis/key_indicators/0"", ""reason"": ""\""Dense\"" misrepresents the very small feature values, whose semantics are not established as counts; the SHAP magnitudes are small and do not by themselves indicate density.""}]"
sample_60e06e6e332aea04,"Signs and magnitudes of the listed features match the evidence, but the explanation generalizes from the top-20 positive subset to ""no opposing evidence"" and presents SHAP/frequency values as behavioral support.",[],"[{""quote"": ""with no opposing evidence"", ""candidate_path"": ""/candidate_analysis/explanation"", ""reason"": ""Omitted features and baseline are unknown; full_attributions is null, so absence of opposing features cannot be established.""}, {""quote"": ""All 20 top SHAP features push toward cryptojacking, with no opposing features"", ""candidate_path"": ""/candidate_analysis/key_indicators/1"", ""reason"": ""The same overgeneralization from top-k only; the target class is a configured assumption to be verified upstream.""}]"
sample_e2bfb85d2a4546f1,"The per-feature SHAP values, signs and frequencies match the evidence, and the claim that all 20 listed features push toward class 1 is correct. However, the explanation says there are ""no countervailing features in the evidence"" and reads the top-k subset as showing all signals. It also gives ""the strongest signals"" as the ROL/SHRD features, although POP SUB (0.0203) and MOV MOVZX (0.0174) are larger than all of them.",[],"[{""quote"": ""all 20 top SHAP features push toward cryptojacking, with no countervailing features in the evidence"", ""candidate_path"": ""/candidate_analysis/explanation"", ""reason"": ""This is true only for the supplied top-k subset. Omitted features and the SHAP baseline are unknown, so absence of countervailing features cannot be established.""}, {""quote"": ""The strongest signals are rotate and shift-based bit manipulation: ROL ADD (+0.012417), MOV ROL (+0.009906), XOR ROL (+0.007982), MOV SHRD (+0.010290) and SHRD BT (+0.009158)."", ""candidate_path"": ""/candidate_analysis/explanation"", ""reason"": ""These are not the strongest SHAP contributors. POP SUB (0.0203), MOV MOVZX (0.0174), MOV RET (0.0149) and others rank higher, and XOR ROL is the lowest of the 20.""}]"
sample_7fd7602cc1444350,"The listed SHAP values and signs match the evidence. However, the claim that the features push toward cryptojacking rests on an unverified target-class assumption, and the magnitudes are used to bolster 'high-confidence' and 'independent' agreement even though the top-k subset cannot rule out omitted contrary features.",[],"[{""quote"": ""all 20 top SHAP features push toward cryptojacking, with no opposing features in the evidence"", ""candidate_path"": ""/candidate_analysis/explanation"", ""reason"": ""It correctly says top features are positive, but 'no opposing features' risks implying that no omitted feature opposes; the target-class source is a configured assumption, and the baseline and full attributions are null.""}, {""quote"": ""the breadth of agreement across 20 independent features"", ""candidate_path"": ""/candidate_analysis/explanation"", ""reason"": ""SHAP values on tiny feature values do not show independence or breadth of evidence; the top-k subset is not the full attribution.""}, {""quote"": ""It is very rare in the binary (0.000003) but strongly weighted."", ""candidate_path"": ""/candidate_analysis/evidence_analysis/2/assessment"", ""reason"": ""Treating the value as a rarity within the binary relies on feature_value_semantics, which the evidence says is not established; 'strongly weighted' is relative, as it is only 0.0099 SHAP.""}]"
sample_1a1ece48254618d6,"The signs and magnitudes of the listed features and their ranking are reported correctly. But the candidate overstates what SHAP supports, claiming no feature argues against the verdict and treating independent agreement as high confidence, even though the SHAP baseline, omitted features and target class source are unverified.",[],"[{""quote"": ""so no feature in the evidence argues against that verdict"", ""candidate_path"": ""/candidate_analysis/explanation"", ""reason"": ""A positive top-k subset with no full attributions cannot establish that no omitted feature supports benign.""}, {""quote"": ""Because many independent features agree and the model probability is very high, the evidence supports high confidence."", ""candidate_path"": ""/candidate_analysis/explanation"", ""reason"": ""SHAP contributions are small (about 0.0056 to 0.0109) and the target class is a configured assumption. Presenting the agreement as independent high-confidence support goes beyond what the supplied SHAP evidence shows.""}]"
sample_eeee14665cc3fb65,"Individual SHAP values, signs, and the +0.0059 to +0.0113 range are reported accurately, and the explanation does state that only instruction-level evidence exists. However, it overextends the top-k subset to assert that nothing offsets the cryptojacking attribution, and it reads the feature values as frequencies despite the evidence stating their semantics are unconfirmed.",[],"[{""quote"": ""No n-gram in the evidence offsets this."", ""candidate_path"": ""/candidate_analysis/explanation"", ""reason"": ""Only a positive top-20 subset is available; with omitted features and the baseline unknown, it cannot be concluded that no n-gram offsets the attribution.""}, {""quote"": ""The most frequent top-20 n-gram (0.004449)."", ""candidate_path"": ""/candidate_analysis/evidence_analysis/13/assessment"", ""reason"": ""The feature value semantics are not established as frequencies or counts, so describing it as most frequent over-reads the value.""}, {""quote"": ""the breadth of agreement across 20 independent features"", ""candidate_path"": ""/candidate_analysis/explanation"", ""reason"": ""Top SHAP features are not shown to be independent evidence; this inflates the support for the attribution.""}]"
sample_0fc554ea0236b979,"All 20 top n-grams are reported as positive toward target class 1, with matching rounded SHAP values and the correct +0.0054 to +0.0103 range. Direction and magnitude are not distorted. The 'no single feature dominates' remark is limited by the unknown baseline and omitted features, and the class assumption is not caveated.","[{""quote"": ""0.00915"", ""candidate_path"": ""/candidate_analysis/evidence_analysis/3/shap_contribution"", ""evidence_reference"": ""/evidence/top_features"", ""category"": ""shap_misrepresentation"", ""reason"": ""N-gram 'MOVZX PUSH': reported SHAP=0.00915; input=0.009149361797325839; tolerance=5e-07""}]",[]
sample_3e4d61246fe39c14,"Signs (all positive for the configured target class) and the magnitude range match the evidence. The explanation misrepresents why the SHAP values are positive by attributing them largely to absent patterns, based on a miscounted and unestablished zero-value interpretation, and it overstates what the top-20 sum shows.",[],"[{""quote"": ""so their SHAP contributions come from the absence of patterns the model associates with benign software"", ""candidate_path"": ""/candidate_analysis/explanation"", ""reason"": ""Mechanism not supported: value semantics are unestablished, and no baseline or full attributions are provided.""}, {""quote"": ""14 of 20 n-grams have a frequency of 0.000000, so the contributions come largely from absent patterns"", ""candidate_path"": ""/candidate_analysis/key_indicators/2"", ""reason"": ""Only 12 of 20 listed values are zero, and the absence-driven attribution is unsupported.""}, {""quote"": ""so the high probability is spread across many weak features"", ""candidate_path"": ""/candidate_analysis/explanation"", ""reason"": ""Omitted features are unknown, and the top-20 sum is about 0.182 rather than 0.19.""}]"
sample_620406503b2ddfb1,"Signs and rounded magnitudes of the listed features are reported accurately. However, the candidate says all 20 features push toward cryptojacking, but the supplied evidence shows only the top-k and no full attributions or baseline, so it overstates what the positive subset shows. It also reads the SHAP-weighted features as mining-specific.",[],"[{""quote"": ""all 20 top n-grams push toward cryptojacking"", ""candidate_path"": ""/candidate_analysis/explanation"", ""reason"": ""True for the displayed top 20, but the target class is only a configured assumption and omitted features are unknown. The wording risks being read as overall evidence.""}, {""quote"": ""the consistent direction of all 20 features, the concentration of rotate/XOR/carry patterns"", ""candidate_path"": ""/candidate_analysis/explanation"", ""reason"": ""A positive top-k subset cannot show that omitted features do not support benign; 'concentration' is also overstated because the SHAP values are small and tightly clustered.""}, {""quote"": ""All 20 top SHAP features push toward cryptojacking with consistent magnitudes"", ""candidate_path"": ""/candidate_analysis/key_indicators/2"", ""reason"": ""Describes the class-1 direction as 'toward cryptojacking', although the target class source is an unverified assumption; the 'consistent magnitudes' wording is also loose.""}]"
sample_298d48f3d493f717,"Signs, rounded magnitudes, ranges and the top-k positive framing match the evidence, and the omitted-feature limits are respected. However, the explanation attributes SHAP weight to occurrence frequency, which the artifact does not support.",[],"[{""quote"": ""Their SHAP weight comes from how often they occur"", ""candidate_path"": ""/candidate_analysis/explanation"", ""reason"": ""Gives a causal account of SHAP magnitude (frequency) that the evidence does not establish. Feature value semantics are unconfirmed, and SHAP rank does not follow value (SUB PUSH, value 0.0044, has the top SHAP).""}]"
sample_b1b90426ca4e030c,"Directions and magnitudes are reported accurately, and the claim that all 20 top features are positive is correct. However, the explanation treats zero-frequency features as absent and calls their SHAP a model artifact, which goes beyond the evidence.",[],"[{""quote"": ""Its SHAP weight reflects a model artifact."", ""candidate_path"": ""/candidate_analysis/evidence_analysis/1/assessment"", ""reason"": ""An unsupported interpretation of why a zero-valued feature has a positive SHAP value; the supplied evidence does not establish this.""}, {""quote"": ""so they are essentially absent or negligible in the binary"", ""candidate_path"": ""/candidate_analysis/explanation"", ""reason"": ""Feature-value semantics are unconfirmed, so inferring absence from the 0.0 values is not supported.""}]"
sample_c9ff3229711b1107,"Signs, values and the 19/1 split are reported correctly, and the 'small, evenly spread' description is fair for the top-20. The 'strongest contributors' sentence misstates the magnitude ranking.",[],"[{""quote"": ""The strongest contributors are PXOR PXOR (+0.011429) and XOR PXOR (+0.005707), plus PXOR MOVUPS (+0.007954) and MOVDQA PAND (+0.008113)."", ""candidate_path"": ""/candidate_analysis/explanation"", ""reason"": ""XOR PXOR is 13th by SHAP magnitude, and the second-ranked MOV FLD (+0.009136) and the fifth-ranked ADD MOVQ (+0.007876) are left out.""}]"
sample_641c31553c03d4f1,"SHAP signs, magnitudes and ranges are reported correctly for the configured target class 1. However, the explanation presents the top-20 subset as the full decomposition of the verdict, which the null baseline and null full attributions do not support.",[],"[{""quote"": ""so the verdict is the sum of many weak signals"", ""candidate_path"": ""/candidate_analysis/explanation"", ""reason"": ""A positive top-k subset, with unknown omitted features and no baseline, cannot establish that the verdict is the sum of these signals.""}]"
sample_5189c356e7fda208,"Signs, ranks and rounded magnitudes match the evidence, and the claim that no single n-gram dominates is reasonable. However, the candidate generalizes from the positive top-k subset to 'no opposing features' and a 'unanimous' result, and presents the class-1 mapping as cryptojacking despite the unverified target-class assumption.",[],"[{""quote"": ""all 20 top SHAP features push toward cryptojacking, with no opposing features among them"", ""candidate_path"": ""/candidate_analysis/explanation"", ""reason"": ""Direction is correct for the top 20 under the configured class-1 assumption, but the wording implies no omitted opposing features and verified cryptojacking semantics.""}, {""quote"": ""the model's unanimous, high-probability output"", ""candidate_path"": ""/candidate_analysis/explanation"", ""reason"": ""Extends top-k agreement to the whole model output; the full attributions and baseline are unavailable.""}]"
