sample_id,source_file,status,technical_accuracy,coherence,cybersecurity_relevance,actionable_utility,has_unsupported_claims,faithful_to_shap,error
sample_936751dc679e17ea,001ba935c6d09702e2ca8a41a74daba441f49aa71572a356352b26ca3f9e465a.elf_analysis.json,success,3,4,4,4,True,True,
sample_77fedeab45737939,00bba2efa9e9bb020828cde686e51ea3a39de47dabf65f197b18e957257f69c0.exe_analysis.json,success,4,5,5,5,True,True,
sample_bd2cf345c8d137d2,0216daee1c6690d2bb4be3bc7b8b2d585cb3dbc7c4bf4bbde03f4e8232fbcda7.elf_analysis.json,success,3,4,4,4,True,False,
sample_c0e6a1f370bceb25,0260d9d84771b3c55dc3e6ecae78c94007f6d61e6198e43b80b500879aec9e35.exe_analysis.json,success,3,4,4,4,True,True,
sample_7a53985b211a69c0,029a364b81370e6f680886c2e1a0751cc45d1539db9ef0b9b55265def3422259.exe_analysis.json,success,3,4,4,4,True,True,
sample_5dff9219c18f8d33,076be2c09b944ec56381f42405728f7f657d2597b6e27191354568fb70170b29.exe_analysis.json,success,4,4,4,4,True,True,
sample_efb9364476da2360,08be3260b1569540aa2ea8c55d4b1f099e735fced9917e5e058b06a16c674fe1.elf_analysis.json,success,3,4,4,4,True,True,
sample_f2cb209ef3b84b6d,0b3581ab2acd2099ec8d7de4f77608a0e9a1b7b4810009c7eb1cc4007d30d487.exe_analysis.json,success,4,4,4,4,True,True,
sample_25cdd15a48d0e8ea,0b92078b3a7e96b7e7e44b10c64013758ac3c7a210c9c01214d59f6a79783013.exe_analysis.json,success,3,4,4,4,True,True,
sample_57fcdfb9a49474ab,0c562a5c681740b9496f31015d6ec74b9daf4ca21ce5dbde6788c866fb0d6aea.exe_analysis.json,success,3,4,4,4,True,False,
sample_4973e7281fe1ee96,0d9de528065872aa4818362d98d17de6c889f356a835d2af2ecaece329520d19.elf_analysis.json,success,4,4,5,4,True,True,
sample_4ad199f90da45b5e,0ecf3547251601ff8fe19f49b499afcc2ad311c529475cfa69b9946a9411fb57.exe_analysis.json,success,3,4,4,4,True,True,
sample_a552a1e5d59ec18c,0f61c7d939ea77fff7eb409522338347b140beb1c5977bd0fc84ff301dd31605.exe_analysis.json,success,4,4,5,4,True,True,
sample_fd4e0de0797f2d0a,0fb22c56481a6044c6f1800b78c6acf9dc690c1ee914777b4e90c01ec4a52cb0.exe_analysis.json,success,3,4,4,4,True,True,
sample_318eae5d5365d5b4,1072880ad6c65dcb3ff7721f4a1b4d44b4c1e2024c45d81e3fd1ec8a4502b2d1.exe_analysis.json,success,3,4,4,4,True,True,
sample_31ff320b89966e7b,12c2c22ac2896a283118750f17735f30572671bc7400a30368b4e43767d2acd0.exe_analysis.json,success,4,4,4,4,True,True,
sample_d01e7753ad483e1e,151df3364d6d3ff361ed45ea944386ad8b45fc8327929447de5f7a86bc19547b.elf_analysis.json,success,3,4,4,4,True,False,
sample_394bbb3ce8692137,152315d5aa12cbcf3287d372641756edfe718c75014cd17320438329b0104137.exe_analysis.json,success,2,4,3,4,True,False,
sample_e4b756000724ce87,1533a6bcd1ebe0455d6e00ced421dd5dc0caa01c21c30acbffbb932929cc4ac7.elf_analysis.json,success,3,4,4,4,True,True,
sample_ac27066daf885ea3,15f1df9c3b4868199d06b324179ad35c61f42f80cf81138be4f774089d88527b.exe_analysis.json,success,4,4,5,4,True,True,
sample_e59b333a9ac6852f,1670daea2aae4a96521128c6448ddea99e5d51e45efa4919cdcb95eecd963eac.exe_analysis.json,success,4,4,4,4,True,True,
sample_cd3a450033238ee9,16d20b9cf5bc20f04368d323cd4729649b1be1e0569ec263c3ddad0421c26d79.elf_analysis.json,success,3,3,4,4,True,False,
sample_d5b94b9267f570b1,18498e5081675e3fa85c7bf29f842b91f6e12c96ba51bf62bc9995f861a5583d.exe_analysis.json,success,3,4,5,4,True,False,
sample_7bcb75bdd72394c1,18905f26968cceda8c5e765a88212c80c279f716a4c80620596a2779ca3425d8.elf_analysis.json,success,3,4,4,4,True,True,
sample_1929713fbdc101d6,1959cf04d47f1ea97d4498eb8e5a67dbc4c61434920771e44005fedb572ad7be.exe_analysis.json,success,3,4,4,4,True,False,
sample_e7a136fa33c3ec08,1961897112dcec4c7074ced36e6fb62994cf987c1b24455c726989f4ee03d2ab.exe_analysis.json,success,2,3,3,3,True,False,
sample_4c76fa62619ff3c6,1992364035341ec05d8b77028e23fc7f4e2d2f1bda5825f9aa4accb132eae9c7.elf_analysis.json,success,3,4,5,4,True,True,
sample_f58c5c921469412c,1b747725923a714767cf75dc2a95d526381e23507304928d9a0aed1dface93ba.exe_analysis.json,success,4,4,4,4,True,True,
sample_d81c2360453fece3,1c3d8b83c1d456f8ebeea6dda040d1741df965e92157fab965d8f01969f31872.exe_analysis.json,success,4,4,4,4,True,True,
sample_8123cb6ba5923d7b,1d42789ea54be34dbfa2d96095416723bc78f592bc56c62073f09dd5bad76654.exe_analysis.json,success,3,4,3,4,True,False,
sample_46ebe3a099f28d1f,1fc6c873fc864006f6d042c25f0d086304366ca96bf8d2206a33a0621950a4df.exe_analysis.json,success,4,4,5,4,True,True,
sample_79a476beaa468d9e,1ff55eafdba615287f423eab3257ad24b070be1a6e63aa91f06d0ba16d001b60.elf_analysis.json,success,3,4,4,4,True,True,
sample_44c3220848dc6575,201fb376d18d216baf555ff6afdc0754f94c4475ceaf3b5c713473833cc60aa5.exe_analysis.json,success,3,4,4,4,True,True,
sample_202b142297c09ef7,20dcf6d45f17d62279183276675ea33876e6846d3fdc09285e78e9819882b97e.exe_analysis.json,success,3,4,4,4,True,True,
sample_716f8be952609ac1,21d6b073671c33dc34284613358d41fe233c047a6cd7e20f697c3f4df36e0e36.exe_analysis.json,success,3,4,4,4,True,True,
sample_24558a091349bae3,2344ebb9860fec034e98539c8aba7e9691e3364226aee6704a7ab747a2b80c45.elf_analysis.json,success,3,4,4,4,True,True,
sample_80cec21bb25f27ab,251cd9370d29267d554aede7ddb3be295175644b59e2dbb7244186943ddea79c.exe_analysis.json,success,3,3,4,4,True,False,
sample_7f87aac413d85952,254a713d3ec2852b6657ecb8840efd2662e048ace42c2b4e0b30c589cdb9f8cb.exe_analysis.json,success,3,4,5,4,True,False,
sample_50f61ac53099a561,271724c5ff157be6c9c596f8728894a3de24a6cbbf23b89afec313f4e6212bf8.exe_analysis.json,success,3,4,4,4,True,True,
sample_6438cd1f8cae996c,2717cae9f8faaedbc37139fb3ddd08e04d9f19b41211ba0f267c62333e799063.exe_analysis.json,success,3,4,4,4,True,True,
sample_c5bce8b65b7efa45,29b5468c799dbba5a156b67c04f3082f41c647c0cf9330e824f57d456d2e234e.exe_analysis.json,success,3,4,4,4,True,True,
sample_1c7e91dff42dabf5,2cb7882f519c747b5cd67d19559cdcc1c239a2ce34a12eeb16b50b648fd46970.exe_analysis.json,success,3,4,4,4,True,False,
sample_89d23f7529ff65d0,2e354b69276617989d1b001094fc0d63473fa0d05900cd73d25e17779f82b5f1.exe_analysis.json,success,4,4,5,4,True,True,
sample_9ac7f95e4b2fac0a,2f4afbe3f6077e7d91cbcf5ab027a2fba73b2ed02c2cbf3e918bf170e5a1f9b6.exe_analysis.json,success,3,4,4,4,True,True,
sample_3a7b4c707cebcae2,30a77ab582f0558829a78960929f657a7c3c03c2cf89cd5a0f6934b79a74b7a4.elf_analysis.json,success,3,4,4,4,True,True,
sample_35b8ba9e8c39e3b3,30abfcdfbc5473627980c208cbbab439a005099dc04af974879034ece28f4ec3.exe_analysis.json,success,3,4,4,4,True,False,
sample_5d78aa0ec0cfbb49,32cddec84197367a6363d2c6cdbb448cc22b8497e88178c748213ee7469f0681.exe_analysis.json,success,3,4,4,4,True,True,
sample_3639b48e1ccf8820,33bd48cf4b43ba112ab70369feb0a9eb3b06e317efe95dcee6ffbe0027fef566.exe_analysis.json,success,4,4,4,4,True,True,
sample_934228fab9568ced,346ffdd37a74f5ff26a5b8ab2c3b2b497fd887cc525031b510fdc319093b67d8.exe_analysis.json,success,3,4,4,4,True,False,
sample_ef8d06b45811a9b2,35411e800d5bd9ddd64275d5357de94f935a82c6916db62595fe66e4fa4aec46.exe_analysis.json,success,4,4,4,4,True,True,
sample_924994f3e852cfd3,3559470d1dc6eb5c171bb6041c69b9916c702a7a8c9646fad0762045c4169d5b.elf_analysis.json,success,3,4,4,4,True,True,
sample_1f018fbf3767c8ec,3660074f4a92b21ddababd36837c86db20ccd883866bc1dbeed11ed081a1df3e.elf_analysis.json,success,3,4,3,4,True,True,
sample_4c7971c6c63b145b,37f8a54ffb5377feb9b65b66e2da08ab3fb237321f2ae544cf597022d475a0db.exe_analysis.json,success,3,3,4,4,True,True,
sample_ed3bd710048c1892,38ef0580d99fb1524c13f8dc4981fe2757deb290b29f947ebc24b4b359756f63.elf_analysis.json,success,4,4,4,4,True,True,
sample_011401ea285ee25f,39899e500bdfd7374f1e70fbfac44d6426e7b4eb4970c3ff49a3515f76e13728.exe_analysis.json,success,3,4,4,4,True,False,
sample_1a46b65def6da4aa,3afca0f0f28a8e8a57ea459ec7bbc8ec03082e8c818b521687c36e9375fef784.exe_analysis.json,success,3,4,4,4,True,True,
sample_40670aaeb61e32ea,3bea8f120a6006083937a8a990c351f4784ce9f9ec8397345448f1f65da2d7ab.elf_analysis.json,success,3,4,4,4,True,True,
sample_c9edf27d9389d743,3d16a8c035452288bba335d2de42aafd4fcbee913a958ea923f7c128e0a436cb.elf_analysis.json,success,3,4,4,4,True,True,
sample_8d21f24aedcf8186,3f947f5a849f11be9079a5c2418240e2faf7e53b63662c85b92fad8f47ea4d09.exe_analysis.json,success,4,4,5,4,True,True,
sample_e4c1ed3c689259bd,40331d6e3d18c61d5591aa85fc455f6674e78924ce4660ce18221aa49f696779.exe_analysis.json,success,4,5,5,4,True,True,
sample_edb444733d2190a7,40995019652863343f9ad35ce8f3519e84526fd8013fb85e48cc11675e2fb567.exe_analysis.json,success,3,4,4,4,True,True,
sample_e85da107ddd1f8af,43585503544a7c7596afb2b46457bb865df0c30b19d5c3b0bcdabf2f911d58ca.exe_analysis.json,success,3,4,4,4,True,False,
sample_5b918b088dc7d323,4389bf5a0f08ab1d8f22c9e4acf3021ccaa5f0b04823a2726fafa77d845608b4.exe_analysis.json,success,4,5,5,4,True,True,
sample_b17dfcea986bdb19,43b9cfbfd524d138da3312b47fcee8c4c9ab9343d89fe7b4b730f73c940fbfef.exe_analysis.json,success,3,4,4,4,True,True,
sample_4dd14927df358c81,47b268c21591069bfe4099833ad66b8138a53ab2dcb866e040d466aee1f8624c.elf_analysis.json,success,3,4,4,4,True,False,
sample_3c951ba1aa39474d,47ef2cfe353b76b935cc4ff6e1648b5d856b3a3bb5610444798909fd306acb4e.exe_analysis.json,success,2,4,3,3,True,True,
sample_2a1ad21b1c13e274,481e775497605d7ee0e0522306010ea0eca8873569b265e3c62ea80787c037d6.elf_analysis.json,success,3,4,4,4,True,False,
sample_e9f18681e9754814,483c41f2a77142319b4e93d393e0434486ff84b6e0f979e4aef3256a351d94e6.exe_analysis.json,success,3,4,4,4,True,False,
sample_b6d105891666bfe2,48a9a9ec75caf2b45a7a78c63d339aae96c2eab2d5510c974544bb04f49e0948.elf_analysis.json,success,3,4,4,4,True,False,
sample_eeace79aef4e2799,49389c62d55a133444a446ee9c342b6165f7f07abd93e33f921e2779c3efda7f.elf_analysis.json,success,2,4,3,4,True,False,
sample_368065401faacfc3,4a33851bcbc114c5bb20ebf2b4afbb40a93767d4b89cb8503bac34f03c278ca6.exe_analysis.json,success,4,4,5,4,True,True,
sample_d63fa20f8bc94735,4b1ed08fb22619db0cb275baab7ae4c29ec0f99a0769406cc02343212447db3e.elf_analysis.json,success,3,4,4,4,True,True,
sample_6609664c5b201a54,4b3d341f6a15caacb540bb2e403dfbfbdbf98b077649f184505839d4a9e27cc2.exe_analysis.json,success,4,5,5,5,True,True,
sample_da6b8a1a0c6d70a1,4beb8cf20cfa3a53c04821665ac67cb0dc8e59be8db819457c07ba09c91d20bb.exe_analysis.json,success,4,4,5,4,True,True,
sample_c68fb9e81c01c222,4d90753ef2115ad9c5c646f537c1b10285bed07b4f96813557c2a80013af24d9.exe_analysis.json,success,3,4,4,4,True,False,
sample_c1b6ef987005bb5e,4de6e6c9c7bc0be888edd0b0cca866cbee745d6df2c0f34d762055cef879a0cc.exe_analysis.json,success,4,4,5,4,True,True,
sample_c7bd7dcc35a2c603,4e160339aeb9bfbd576dfbe288cbb58eb82b7d85f9c4d84651cb1ee024c3a260.exe_analysis.json,success,3,4,4,4,True,True,
sample_c43dcfb58bd6dad8,502a4c498c1f14e9176959e54548f2af53a240eb9f769f11f9dfeeec7fc87b29.exe_analysis.json,success,3,4,4,4,True,True,
sample_ce182bb5a5af53d1,507c108ba0842eb245acffafe4b1a69d7d80e5fa59c7505560253afea81da076.exe_analysis.json,success,3,4,4,4,True,True,
sample_831d33718835c01a,5122b2cc1fc99c60330b863c94e09e82553eff28cbfba8496f30bea88465b77d.exe_analysis.json,success,4,4,5,4,True,True,
sample_9ccedfe24fe7e4b7,52333bfa6c7dbcb8f29e4dbfc1fc144e33158e39ee5bcc6c0631d27c1ad71298.exe_analysis.json,success,4,4,4,4,True,True,
sample_2864746a489b583f,523c29bae61819c500be4eda407515bfcc1044904eda53c9d78e0184f1dc633c.elf_analysis.json,success,3,4,4,4,True,True,
sample_1db6e171df2c57fd,526c040bb853b294f4fb55f8301fa8a03d2bea9dc1877570fc98cc04890af440.elf_analysis.json,success,3,4,5,4,True,True,
sample_0ae664a4aa83dcc1,5493b99616ac9ef5b8391505dc0e07544a74efd78f113331e6d536db39fb985c.elf_analysis.json,success,3,4,4,4,True,False,
sample_d39c972c4994b705,55f429935a1ccd1ded86968c7ee688a3169031789ce4b1c23ad2375daef8d911.exe_analysis.json,success,3,4,4,4,True,True,
sample_d6029504de9c1c80,583cb65d69756efdef6f4186bd920e468ee6d7a4d41f5fbbe5c23a2b69e7ef9e.exe_analysis.json,success,3,4,4,4,True,True,
sample_fa4697f7e726680d,583e86ece98ccc0d5e7f654dd48240809890e3fb61a542cb56e5341a1807887b.elf_analysis.json,success,3,4,4,4,True,True,
sample_ba026afb7ff0dcb3,587ea69283a5e2863add67c8d8ad0382910bdb57d1fd52882ad6df7531dc6a5e.exe_analysis.json,success,3,4,4,4,True,True,
sample_7a5dfafe1bb17c70,58d5ed5b67253c3644d233e721a8180ffd0b9267588c5605d98fbc049b446a01.exe_analysis.json,success,2,4,3,4,True,False,
sample_f2dc6484d0d6f6f8,58f64e4083fa288b091dc0d29a050da9cd09e4ee6607aff2e5fa5ffbe2c7a887.exe_analysis.json,success,3,4,4,4,True,False,
sample_300a685c22780d2b,590f028838c65087a6638aeb7630bf667c6d8ac8238374d741c7568b2bf64b27.elf_analysis.json,success,3,4,4,4,True,False,
sample_5b2d14771f589972,59c31b45f7e3a04bfc35651d087d063e95f7e31d1246018eed1150a177410125.exe_analysis.json,success,3,4,4,4,True,True,
sample_2e9b977af6703f3b,5a4594e5df0ab9c6a640966e80a7dda87bc895234fc1e97348c3acb6ad7517bc.exe_analysis.json,success,3,4,4,4,True,False,
sample_a230c33587fce8e4,5faa8bac97d186a546c140a89de778f529f94a66052ffbe022aee810d3edb3f1.exe_analysis.json,success,3,4,4,4,True,True,
sample_325bbe2a9540080a,6032d1538d68df2b8a118c6c5f3756a9c383d213f71fae50fef2c59482cdf107.exe_analysis.json,success,4,4,5,4,True,True,
sample_64751394f3be26fb,61ed6d9a0d405a3ad0ad01b0360d1bfb1ec8fcff1e1f0e3000791e6722ae4942.exe_analysis.json,success,4,4,5,4,True,True,
sample_815fc7f96fe121ba,624ac7b984c5c3df652c27b43b8dd99921eb09c491030a79d25acc5683a4978c.elf_analysis.json,success,3,4,4,4,True,True,
sample_45d56d29b641ca5d,63fb1bb6af66fbe29823c5ac577034207888c3bf23218c96777ec63bf7499afd.exe_analysis.json,success,3,4,4,4,True,True,
sample_f81d27dd6e65a59a,65ef4c948050199ef320f05d1a5144f5e1f188d824e01e6f50f58cea83f56dd9.exe_analysis.json,success,3,4,4,4,True,True,
sample_7518799f9e8d2ed5,661c4da0df6414e3cf7855d47a142cc9858c1174cc992f29423e48ce420585e0.exe_analysis.json,success,4,4,4,4,True,True,
sample_1ed83e339b20424b,66ef87c23f088cc417e9dbac077eba737d8a83fd8f494cb3a2ee0367b4c8f144.exe_analysis.json,success,3,4,4,4,True,True,
sample_627d5fa616d2489b,679a9028729d7ce6177c78ed0a4607194343c1877abcac6a8552c8085066dc41.exe_analysis.json,success,3,4,4,4,True,True,
sample_e40ee0996ae1f33e,6c303e19f1337a7eacef23bdd882d97329bebc7aff0d42f0726d2c876e3cdea5.exe_analysis.json,success,3,4,4,4,True,True,
sample_7c450442060b4c1e,6f335f8dae3e1169350dfce7e5f052ad47c2cbe764d3abfa748b13f4f8430f0a.exe_analysis.json,success,3,4,4,4,True,True,
sample_278749afa08e2066,6f9308dd804dff51901fac87c5b21d47ce752ce16c8889e639b6a40eb968b945.elf_analysis.json,success,3,4,4,4,True,True,
sample_62615051c4932de0,6fc6f8b1c1f62316088292908d81764321cbcf84cad433f3485c0d27b7d5c15b.exe_analysis.json,success,3,4,4,4,True,True,
sample_68adc38657f5ff5e,6fc94d8aecc538b1d099a429fb68ac20d7b6ae8b3c7795ae72dd2b7107690b8f.elf_analysis.json,success,3,4,4,4,True,False,
sample_8c39f8d5f3ee4fd3,6ffafaa40005d4dff0436ac9b18cce45d99d6b106e840c0cad22fe08e31d2f5f.elf_analysis.json,success,3,4,4,4,True,True,
sample_f7848105fb396c69,7046fe086bea86006e573b658726cb33891bf3b766a24808094208a77f8be730.exe_analysis.json,success,4,5,4,4,True,True,
sample_89a5d92cdb2a747b,70ecc116b12f58e2d2816f968a253935214d489c059a598196013c7d14258c71.exe_analysis.json,success,3,4,4,4,True,True,
sample_e91e2bdebfe458ac,71ecfb7bbc015b2b192c05f726468b6f08fcc804c093c718b950e688cc414af5.elf_analysis.json,success,3,4,4,4,True,True,
sample_6c880c488d45fc8e,722cd9ed22abf4871c76f928fde01ee5b649905765afdce51f6e56bad1d757ea.exe_analysis.json,success,3,4,4,4,True,True,
sample_3b00d1ea0fb89ec2,73c732a1f0b74ff0f77d3590037370f79d50972b2ff51524fc450cc09e7ca360.exe_analysis.json,success,4,5,4,5,True,True,
sample_1de1a0f17178ce95,744f058dc39e0968e145f4c12f66459bc61f6b89b40e9d67a3c6630ceb4e0c93.exe_analysis.json,success,4,4,4,4,True,False,
sample_ad8222ae969fe9e1,75bc2baf3c12afbefb893af00d361d6d66273d7852d8c0f16dce28e01293c3ff.exe_analysis.json,success,3,4,4,4,True,False,
sample_dfe820f7b1f84dcf,771eb8b2c8b9f629a290326170aa5a1fe78d4bd8795daf31e1d4d6d57ee27784.elf_analysis.json,success,3,4,4,4,True,True,
sample_ac4ad98721b56971,7784265d79ae55b1b6e1971dfbfac9deb4148b9e3e65b5f290e5a6bee9bb3dd3.exe_analysis.json,success,4,5,4,4,True,True,
sample_38d757a92dd10a5a,78ca668d0b80aa116a399b7cb3677470fcbae9b193e312979a0cc995ebc0253a.elf_analysis.json,success,3,4,4,4,True,True,
sample_b42b30542a55908a,7a0da8cd91959b6ca4f433a9a334d4d6f3b397f31ff340d8eab6ccd2e8d2dcd6.exe_analysis.json,success,3,4,4,4,True,True,
sample_5865774f3107059a,7a1fb6fb2e7fce5634ef1ff254f013e509c17b27b08584d93b075c0cae81f5f5.elf_analysis.json,success,3,4,4,4,True,True,
sample_a9a92d22066e9aa2,7c82302ecd14f21edfceec918d47b51b5d4bc1792cf77bde61527111d8fdb56c.exe_analysis.json,success,3,4,4,4,True,True,
sample_dceba878e56e03c2,7e1e3dd418f70e0a973727bd106ed4bee047dd79a8d1c20004d37ceb477d5d6a.exe_analysis.json,success,3,4,4,4,True,False,
sample_2ab5543a7282ebab,7e4c8952e0caac9829fdd5edfc80ebc0ed79d18a464230a1896d7a1257f6ddab.exe_analysis.json,success,4,5,5,5,True,True,
sample_04626a1c28eafd11,7f28b2791ad94a202eea5e4c91d47cdeadca4723723427af574519f8aedbf15e.elf_analysis.json,success,4,4,4,4,True,True,
sample_807b85885eedd96f,810838fe05bf0fac2ca9659efa6d2d5bb6f0e324ce9330ad1ba6ec636844fb84.exe_analysis.json,success,3,4,4,4,True,False,
sample_3479128a401ee419,825519b4b90f70d6272166110f7e7cdc2318ed090fcd3cb63597189cb0a639f2.elf_analysis.json,success,3,4,4,5,True,True,
sample_8a5d2d4d464c2813,82f39fb649587c9d1ab9bb15ec839fe27d4c4f81524e49be1b21a43cd8747f7c.exe_analysis.json,success,3,4,4,4,True,True,
sample_16ad8765713cc8e1,8462485220bfcba052d89e06bb3eaf38343b92bc246e391050f6019e70dba6a6.exe_analysis.json,success,3,4,4,4,True,True,
sample_54b34ac63e2db48b,84984b4ae961524fa29008d142c78b6a859b451bdd21cedc04cc25caf4256116.exe_analysis.json,success,3,4,4,4,True,True,
sample_f2544ea09862f41a,8532673f1c48bde8b03103b9dd18e56d548763996b48a106c68625834a99e5da.exe_analysis.json,success,4,5,4,4,True,True,
sample_56d291e29ab5c007,85c70aea89686c30d64bdbc3ea5fac9bf2a5e6729d6203c6dc116f0748e1e95a.exe_analysis.json,success,4,4,5,4,True,True,
sample_5e53f45d5d07cadf,86bc6565f48ff3b75438e0667308397f9ee3b27bcb5f9b5ca7230f9ebf11cf72.exe_analysis.json,success,4,5,5,4,True,True,
sample_28d03b263c3381de,8704d1330168fbf09a14c9716c2d279ae8b1cc722f07f44b2ceaede1caba968b.exe_analysis.json,success,3,4,4,4,True,True,
sample_971db65bccabb2b5,88ede502df2c1f7eb2d26f0452225a61c64f1eafabcbbb3a03aa3086fa44afa7.exe_analysis.json,success,3,4,4,4,True,True,
sample_b4096116e3e636c3,88f4b2193b87a76bbf56fdb7c282438f2d07a320784b2fa663ac45776ccd8bec.exe_analysis.json,success,3,4,4,4,True,True,
sample_46774858a7684e15,8975061562d23fe044b62d89324687e6f03203062c6c026797795df247f4be30.exe_analysis.json,success,3,4,4,4,True,True,
sample_1cba6559ab974dc1,8a116e67de1378ff68529774ec5bb984c41de823080256ae4d679bf28c398c8d.exe_analysis.json,success,3,5,5,4,True,True,
sample_74abbec0f10febde,8c057a0bb64a3efe6bbff66d91c61e3a8dc3137c736bdbff08893a56a1eec3fe.exe_analysis.json,success,4,4,4,4,True,True,
sample_6e3319d21be7e217,8c5d37b5e11744964969fcf2ba7f35d5360db18b97d07a8e21fb0b71b3870565.exe_analysis.json,success,3,4,4,4,True,False,
sample_3006476a0632ee51,8d5fb1aa1eead3de107ec5b99178d3c8d48b23b6116554cd9319538735c3d7c6.exe_analysis.json,success,3,4,4,4,True,False,
sample_65b1bb1615bbeb81,8ec920a35a7c6dd60e4aeb3b1ed09cd344f4c5191d4314a05ce72bf757377c86.elf_analysis.json,success,3,4,4,4,True,True,
sample_2d0f9c36fc7c3281,8fa2e2dc944134530288f4efd6b7b7288591993c08fd69dec0902b689435c028.exe_analysis.json,success,3,4,4,4,True,True,
sample_5279e83b624beaba,920df869a28663cf24be9e115521174b240a2ea249a637d0e432f57b202bceeb.exe_analysis.json,success,4,4,4,4,True,False,
sample_c640fe38a39890da,93a1089ba7f40a4808bf24bbfc57709dd681fb15971bae88f3c3de240795af38.exe_analysis.json,success,4,4,5,4,True,True,
sample_088481e144f98eaa,94dadfc956c7affead3690c011e4bffd29ecadb8ef328c0548adf6bae35fa3f0.exe_analysis.json,success,3,4,4,4,True,True,
sample_ced1c311da610232,96c7d1d5dab0c8060f3220816e3e49461ef328643d520545ffc8aa05ddd76760.exe_analysis.json,success,3,4,4,4,True,True,
sample_80b3edc799737703,96ed2610e94b19233c22c2341bb36f340298d76bb36bf658a0d853b91e1acc4e.exe_analysis copy.json,success,4,5,5,5,True,True,
,96ed2610e94b19233c22c2341bb36f340298d76bb36bf658a0d853b91e1acc4e.exe_analysis.json,generation_error,,,,,,,"{""type"": ""InputRejected"", ""message"": ""Legacy parse-failure fallback is not an explanation""}"
sample_c648e8ecb8f80522,9892316756faa046b4394c6f60d33012f7d5b17ac6f256dbaaf8d7a42d6df377.exe_analysis.json,success,3,4,4,4,True,True,
sample_e09fad809503a9db,9a45c640e91c9140c994f9e9ca5cfaea2f11000f988d538482356aa385ece7ba.exe_analysis.json,success,3,4,4,4,True,True,
sample_ce6b9dffc2d425a6,9a4b6b2f92768653a963bc7658be529a27e94bf082d8c8843f189ecb85dcc653.exe_analysis.json,success,3,4,4,4,True,True,
sample_17664ddc26f3119a,9b4d6eb9b5bf2c99b4b977a12c284874b104d570524a013583ec125b3ba4f70e.exe_analysis.json,success,4,4,5,4,True,True,
sample_250f4d603c1d70c8,9be5a7e0652d43093c9b8635a693a61db8a08a240ce390e6208ed9fda8f2c445.exe_analysis.json,success,4,4,4,4,True,True,
sample_40f2ec38471addbc,9cc1bf98400c28f152312856c12869014b9bc7b481004c815d857cfbfe8f65ba.exe_analysis.json,success,4,4,4,4,True,True,
sample_e98686eafad41317,9d6d0bce1b37cb65deb9b158edf41bcb9c44ae07634de8563b53a05f158955af.elf_analysis.json,success,3,4,4,4,True,True,
sample_5ebbc51b6ded4a11,ARM__32__lsb__unix-system-v__arm-linux-gnueabihf-gcc-5.4.0__O0__no-obf__unstripped__coreutils-8__copy_1_.30__id_analysis.json,success,2,4,3,3,True,True,
sample_089057da352528a4,a2e965f684e50d61a8ccc98b123d7c53983a6931f165e2ab7d9c58cc9001980f.exe_analysis.json,success,3,4,4,4,True,False,
sample_6cc726aac6762b75,a32e7b6c1bab32642fa78f78d1891f8ba1ca8c4fa2bb382ea91350c9290a1107.elf_analysis.json,success,4,4,5,4,True,True,
sample_3d335a36d01575d8,a37d3dec1c490190db45b046f4bc86671052e731ac153cf1a88c5b36e9c81bc5.exe_analysis.json,success,3,4,4,4,True,True,
sample_59569d1d5644d773,a3e4434152d90730860fd390a6c52f02989003b0ca45f6d7e44a47de4c57ee9e.exe_analysis.json,success,3,4,4,4,True,True,
sample_b5344b76f67c8b69,a6cfa77a303d7ba8075617c8445c99ba91f4a0b72c6058b9e764fe83950501a8.elf_analysis.json,success,3,4,4,4,True,True,
sample_432c4075594e9c06,a6fbff58f3f4137fffa2f0d046343f7245c4a69ebd79df25aa2d2c0197af1a94.elf_analysis.json,success,4,5,5,5,True,True,
sample_327e8b49df488873,a714669b639da80a786bcc68ba53abe1d9ce4444a2655c4665420ec4067deedc.exe_analysis.json,success,4,4,5,5,True,True,
sample_2f4001c9127f8b55,a7796186e4c40f5a257b952e16d1964b3c9f20a1f2d9d09d3047293d6f71c921.exe_analysis.json,success,3,4,4,4,True,True,
sample_94663145863c710a,a8b6f96c0e23b700f97b4104142d75888b2dd2f91d00119810be625958485046.elf_analysis.json,success,3,4,4,4,True,False,
sample_9a02658c1342a2d6,a9303e3948a212476179499bf5e7aaf5df89fc490bf28c8ec15005bf8b023ee5.exe_analysis.json,success,4,5,4,4,True,True,
sample_59464ab832284497,aac1a251a0246a8271d3a6274fce25e29608bd15cb1c3382232384923b6700c8.exe_analysis.json,success,4,4,4,4,True,True,
sample_9fd7f3c1ba040f11,ab4f3bb1a973fb8ed6eacfad3e0065b3bf541054cd680031948d43fcf8c84667.elf_analysis.json,success,4,4,4,4,True,True,
sample_46f0646fa42b5504,ac328a93c976f605985fe379bb47db9892e86cf8a2c871bb33abd99641cc15eb.exe_analysis.json,success,4,4,4,5,True,True,
sample_faac5b2556f0a5ef,ac868493f7f305788a1934fe39bef7808ee3746fc7d97754ec223f19bbe06273.exe_analysis.json,success,4,4,4,4,True,True,
sample_375f6653679c655c,ac8c79f497a44a56c66ba08da14c56582f3b3c3f8d3a429faec019af235196a8.exe_analysis.json,success,3,4,4,4,True,False,
sample_8252f3644b80ff1c,acc3ae2bbd373453eb849c22e2acc4e14bc9ae2c0b3464d8215c5eb3935f863c.elf_analysis.json,success,3,4,4,4,True,False,
sample_3e08cb3517386895,af421881786af65cf89b28d2a88d37658625f21f9644cf298c438267c7c92572.exe_analysis.json,success,3,4,4,4,True,False,
sample_87b50cd0978bc374,aff9cca1dee1cf4e46e4f5473154a828964b265ca4187d7b9bdec0a2f3f4e99c.exe_analysis.json,success,4,4,4,4,True,True,
sample_611f77267f67d708,b3aac889f2cf7735941b7f71e7909827041d3e209f4aa57915f013f95b653980.exe_analysis.json,success,2,4,3,4,True,False,
sample_71c452fe66c00045,b4d780466f9deb04216b42d6cef6cdf5efb0dc6914fa1b543f4d64ae0326d7a1.elf_analysis.json,success,4,4,4,4,True,False,
sample_6233aab6e87b0dfe,b60131ece447d73f46d4d733e532e844e0a38c264f334dd624ed369f6a0b7214.elf_analysis.json,success,3,4,4,4,True,True,
sample_d735f71d0084b449,b626c4317ff6d4ca1ec04471421bef1d0261c59d77cb0bc0cf3c1e077d984865.exe_analysis.json,success,4,4,5,5,True,True,
sample_9f603844f7ec7cdb,b66a2da4b0b3fe9c3340b6b1537c8328c1052ff14b900f745abf6cf60936f08c.elf_analysis.json,success,3,4,4,4,True,True,
sample_ebf2e36e355e9058,b6ac166f7a9d39a7648e30183e91c204d429531e0c2542f082d0d6aa7505c668.exe_analysis.json,success,4,5,5,5,True,True,
sample_f5bf726df3737e16,b6acc029cffa40fc50827ad59fab8285575ad84f23229be0dbac8fd5dc99f81f.exe_analysis.json,success,3,4,4,4,True,False,
sample_ed10bc8f138f6a40,b749b49e18893137d57693558f9a1a106fdb8c5af98968ff38149b91a27371c6.exe_analysis.json,success,3,4,4,4,True,True,
sample_84e9353fb7d134cf,b807e8394d93f9744aed9b520328ed531744590614ca74b40c40e4ecb53a1720.exe_analysis.json,success,4,4,5,4,True,True,
sample_316e0a6874696b64,b9608b0578aad10d8187ad8b7cc15325a37b55314167a9b8566a2383096cca9a.exe_analysis.json,success,4,4,4,4,True,True,
sample_36dcde602418666c,b98d8b8f4e73e553bd42bd8afd12d6afc1e5ff38a651f1e6fc3d1186d142a8ef.elf_analysis.json,success,3,4,4,4,True,True,
sample_d00eca002717e992,ba2d1265f9355b41a1e6a5571ae72ac5550cb045993b0fa9dc399264f0861845.exe_analysis.json,success,3,4,4,4,True,True,
sample_8d00e0d17457b2d8,bac07c354e37001f1f09f4d0fa791e178a0ff95030bbd9e1ccf732c263c9cdc5.exe_analysis.json,success,4,4,4,4,True,True,
sample_60e06e6e332aea04,bbb8a7999133f4a545cf79b35ea183c601112a3e9151e3d1f53dbae0eed8424d.exe_analysis.json,success,2,4,3,4,True,False,
sample_3691b274a7236a0e,bbc1b5249adc492901d16a4473f613e78e08d131afba844fe96a87f7373398ba.elf_analysis.json,success,4,4,4,4,True,True,
sample_12b36d2ed5dd5dd2,bc4b8678d0fca85d3f80017b13e87f9b3eb8a279afe7f69db8f4fa7d65c3e5bc.elf_analysis.json,success,3,4,4,4,True,True,
sample_f834a708faf80d66,bccae54603c0faccf717324652a1e43dcccee0ddf7339c42a98e5cee819e347e.exe_analysis.json,success,3,4,5,4,True,True,
sample_1cf33f05b7dd2772,bf77d73a22c6324f77a549662e41a3b3fe80a38d546ac03e846755e52e1a79f4.elf_analysis.json,success,3,4,5,4,True,True,
sample_c4dc6a6205a26f8c,bf8b6b4846ad542696304b6d7e339d2c1425cd27aa61ac48df08c1de2dc4fabb.elf_analysis.json,success,3,4,3,4,True,True,
sample_3bdb1d685abbdea5,c2c074381d900532e327a4667664949b3436f8896a1be2e7ead279863cf98036.exe_analysis.json,success,4,4,4,4,True,True,
sample_e2bfb85d2a4546f1,c43c7367aab0e39d7b0ff160002af85ac1b214508ea6f3390e2a4a2933ac03b2.exe_analysis.json,success,2,4,3,4,True,False,
sample_d9af97d0a508cc34,c55b1f92b469635bea689c1af923718c4b32d1b641e3af20fc24840e2fd547d9.exe_analysis.json,success,3,4,4,4,True,True,
sample_ebf21abf4e254674,c5d6f2c6e70b04dc167adaf72857b6dde342826d1f9cac1413f9e439aec49da0.exe_analysis.json,success,3,4,4,4,True,True,
sample_1a69161c935c912a,c65ea1c461f9189510633ddd67c93ce23e84d4d81b56c8ca78553d0dec861455.exe_analysis.json,success,4,4,5,4,True,True,
sample_c01ce963a1fb597a,c78ba64e698b6db6a9a1c05b3c82c5d12ba12d668a440f844f287828c031d825.exe_analysis.json,success,3,4,4,4,True,True,
sample_593cf52bbace4485,c8061a1bef593b81410498219fd9d82503a69efc5a62eba75d72005134dcb3ae.elf_analysis.json,success,4,5,5,5,True,True,
sample_7fd7602cc1444350,c817ef3c31df344e57abea4fd4eb7765e42fcc616b17b5f962d9572d94c60ab3.exe_analysis.json,success,2,3,4,4,True,False,
sample_1a1ece48254618d6,c90b5bb05452d29be5614df538fe6c275ef607a8615325a78a370a6402976273.exe_analysis.json,success,2,4,3,4,True,False,
sample_831a719f8b706f5d,c94b9721e51580933e922c1c3b264db867eecd99f1a6e36a83de8d9635cf3628.exe_analysis.json,success,3,4,4,4,True,True,
sample_eeee14665cc3fb65,c96825dc233e649aa8dc874a692df1e467778cd7d87e59a2a9c4a8b885452cce.exe_analysis.json,success,2,4,4,4,True,False,
sample_8abf9cf766af5018,c982c57e6e25fc3a6d573fa0baaf8f686d85745e0aec6f978c913d6044dfa047.exe_analysis.json,success,3,4,4,4,True,True,
sample_0fc554ea0236b979,cac8f75b454179510700d7b1c5f38bddfd3cedff81b3100dab5f375d6d3cda01.exe_analysis.json,success,3,4,4,4,True,False,
sample_5a1f463b38898fa1,cb17edd2f1497ec1f54b46d1aa36227b2d6b7a856f3e28771e3aee5e855485db.exe_analysis.json,success,4,4,5,4,True,True,
sample_48e4f7ded1056616,ce12f3d1380ed3d7c5ad18d0a6b9ccbaf77a312eaeeb89884cbe720f77e217b9.exe_analysis.json,success,3,4,4,4,True,True,
sample_3e4d61246fe39c14,cf8766321e15f41953397dcbf7fccad710d949b13bde100af94b1c1889da4b3f.elf_analysis.json,success,3,4,4,4,True,False,
sample_0b729edc0adf46bd,d15426ed22583652ffb79af4456f0211143abec7f66420c4e0f6eb13b2a975ea.elf_analysis.json,success,3,4,4,4,True,True,
sample_7552e8d9903bc1fb,d1af33d1afaf7d454b8f917abe23ee037b818b03ea3c51c948ed2d0f3b9f884b.exe_analysis.json,success,4,4,5,4,True,True,
sample_42421335716ef46d,d29e268b1d568e942e5b16e020398a8a888d2a693f725478bdf4e9865463b79f.exe_analysis.json,success,3,4,4,4,True,True,
sample_7853256aef0e382a,d4452ab74ca7c05fa736f681a266c46b48a581138b60058170763861e55f45ae.exe_analysis.json,success,3,4,4,4,True,True,
sample_e1c66bf780cb1be7,d89ac69f086cb3029a8eac0fed1310d46142b3891d2d6874f5ed0a742d887c4a.exe_analysis.json,success,3,4,4,4,True,True,
sample_8a1c8bd890bfaa6b,d92c99455afba2324b3fbd7ba540e76657fabe022b118896509d71eb6599827a.exe_analysis.json,success,4,5,5,5,True,True,
sample_6cdf576dc5c15af5,da1426a5c9aab4b886004523b03d9c3eda067f145c19183ebcce611dc0c4e9e1.exe_analysis.json,success,3,4,4,4,True,True,
sample_161f8d30a7e981e2,da2d172c8d2c8e6d53a457e6991aaaf5805e16fa216749a4c87d757050db2903.exe_analysis.json,success,3,4,4,4,True,True,
sample_95e259ed5133579d,db4597572c03a863fdfb6bb3291ee732d6a3547014867f7497d3c6dd378df75c.exe_analysis.json,success,3,4,4,4,True,True,
sample_620406503b2ddfb1,dbf22aada7e9efa11116411e1d6f18f6ecbb215d53e21d6f769e1869f4e8160b.elf_analysis.json,success,3,4,4,4,True,False,
sample_979adb21d8633182,dc907a7b5d67117a35298a23c57df45549b96937f90bf067ac792b32c97edf76.exe_analysis.json,success,3,4,4,4,True,True,
sample_298d48f3d493f717,df336ee7abd31a141d76107f73603a71e3859fc142f04333f1c0b1b8633ea800.exe_analysis.json,success,3,4,4,4,True,False,
sample_b1b90426ca4e030c,df787884cb15802a125a3aab9b0e15c55952db0b8825814cc8e7ddde24249ad1.exe_analysis.json,success,4,4,4,4,True,False,
sample_36b99299b89908bd,df8f0f61a1af0f3768ea07700d60446969c4c6a95a1ecb131844bd6665c8c45a.exe_analysis.json,success,3,4,5,4,True,True,
sample_dbf32441eda1545d,e01ad37bc931710e2ca30250596a780c12259ae27712564a6c872f63fe3dcf49.exe_analysis.json,success,3,4,4,4,True,True,
sample_f62b8079963031b8,e0a28938bba298c91330a85dd51ed121c1d830f0a8f06304669e0af9ae6cd1c2.elf_analysis.json,success,3,4,4,4,True,True,
sample_230562ea05ac0cd2,e14d20d5a80507197245fc2b53eefc6c5b9de9a422857b376434f7dd03533bc0.exe_analysis.json,success,3,4,4,4,True,True,
sample_12aa3ec904965521,e1c6bc104782e17ee286ebcf3a480136a08aad725360ed13cf6bd2bd1f5ce9e6.exe_analysis.json,success,3,4,4,4,True,True,
sample_b4bb07498fa4ad2d,e3f3faa26cb9c068efca175f131ab8d0509264863bdcc88ebfad9d84a4544bdb.exe_analysis.json,success,3,4,4,4,True,True,
sample_f70d67bd735e1e5a,e51c910e8f967fc22355da0831a34eb2098de0dfab59e37a8b41f839e61893ed.exe_analysis.json,success,4,5,5,5,True,True,
sample_e144d4ecc424951c,e7174d627759ea1e9f78b0163db3a1b906af6b45f9f33d2553aefc9d635810b4.exe_analysis.json,success,4,5,5,5,True,True,
sample_a1eb1dcc22f8da97,e80bdd61c33b35d0697f5a183b78f255b0ccb86d39784af9b9f7916d93129998.elf_analysis.json,success,4,5,5,4,True,True,
sample_c9ff3229711b1107,e85141b23c76fe7b5b6cd7a7a6e4e3ccc444f8b7515e7883f64e1b91423997d8.exe_analysis.json,success,4,4,5,4,True,False,
sample_8278d43bd6bc3ca2,e87ad7517a5416114f4681b493983264d93aef6b6d48303976453878314ece97.exe_analysis.json,success,3,4,4,4,True,True,
sample_8458cf11e4c96bef,e89aa9bec3284f837e7d338d5069842df245a0f9919617865b8a2eea480e3dd9.exe_analysis.json,success,3,4,4,4,True,True,
sample_588dfebd68bff40b,e948036f1c3b3024a6864fa1c49332c80e1fd28484cf487233a50154ffe104f8.elf_analysis.json,success,3,4,4,4,True,True,
sample_28395a3c860e551a,e9627ebaac562067759681dceba8dde8d83b1d813af8181948c549e342f67c0e.exe_analysis.json,success,2,4,4,4,True,True,
sample_ea6b4b735007da2d,e96b3b7b28854acb8837084f6b3908b90eec159887054214b92ade6d14930608.exe_analysis.json,success,3,4,4,4,True,True,
sample_950ec8fb007c77fd,e98f72882d520f1a1d17036847154b84db0b44a463f75d2d12af1bb9c48fff95.elf_analysis.json,success,3,4,5,4,True,True,
sample_aaddc9486e67bf4e,ea8c4f711e5f158dbc948861a8543b8f27c54d97e90a9cec93db9b8817b6b315.exe_analysis.json,success,3,4,4,4,True,True,
sample_6dd2cc5f8fc827e3,eb6a79fcecb598b626b10d34951d6b51b7c56af25c340a59c208b879f3d2e151.exe_analysis.json,success,3,4,4,4,True,True,
sample_70322e26c7d5508b,ec141b4e1d603702f50d323d382bca4060950d8a4b5034a064096ff4f00fcdb2.elf_analysis.json,success,3,4,4,4,True,True,
sample_b0e5a335a6d051a8,ee83f1e835ae321ac303708151a85bdf35ff64b09eb706458e901bc77d40c83c.exe_analysis.json,success,3,4,4,4,True,True,
sample_bda6f0dc60eee5be,eedba0d4610926371c8ae3ae8203b7119160f28fcc5e37fb9579ad0fb86f95db.exe_analysis.json,success,4,4,5,4,True,True,
sample_a64cffe3d8cfbeff,f29d673b032f7ff763dec032aefd6c5759a1583b211625f7f770017bedf03689.exe_analysis.json,success,3,4,4,4,True,True,
sample_94c70e7c15564392,f4601e66df37d30287e196298921ec29c86b64f58fd20ec63b34ef6d2d5f4ced.elf_analysis.json,success,3,4,3,4,True,True,
sample_641c31553c03d4f1,f54a8b51f2d6ed2953a1d9edb19da1c7e44a6e53bb610a24bc7195c6bdc18825.elf_analysis.json,success,3,4,4,4,True,False,
sample_82e05a1bc31b8250,f55e609705f4df21e8f950e5f07529b31c8b1d5984ac25e05ba14b89e8b1e6b1.exe_analysis.json,success,3,4,4,4,True,True,
sample_023f99850505e303,f72cc34394c1d4ce63a6151c1effe973e44cc65043df34de98f82a127c6225d1.elf_analysis.json,success,3,4,4,4,True,True,
sample_8e1f598e8c240603,f83134edd4211e5071de66d13b8b8e0fd0b33254ddb7faee5bbf8a87310fed91.exe_analysis.json,success,3,4,3,4,True,True,
sample_47e69d705f64933b,f92544ce064e237e31f2e00b78d793d1dcde308d8b629a01a33f93b42b9e6a42.elf_analysis.json,success,3,3,4,4,True,True,
sample_07c1c6d48af77e59,f9f8567aaa807983097deb4b7fb130cc2374ace1fb08a6a825324d892f11c140.elf_analysis.json,success,2,4,4,4,True,True,
sample_c9f0135231d8816c,fb1f408e089ca5346d31e07ab1d821b1b19f1488ed8eaad587f421e2d3689fa4.elf_analysis.json,success,4,4,4,4,True,True,
sample_26f915ee001173d3,fb93e8c6f6fe185d8458875f8f2fc6d787a00ae42643b33379a3c3556969d92e.exe_analysis.json,success,3,4,4,4,True,True,
sample_8fd02794b05f0f32,fc29f52e495390630ccda0c1071af6a811eeae68ae7d7cee5de58bdc02f00b61.exe_analysis.json,success,4,4,5,4,True,True,
sample_5189c356e7fda208,fc32a3eba0b0f20f3bad91ec7e407c384108a59f1cb8fed2c0bef554261751d1.elf_analysis.json,success,3,4,4,4,True,False,
sample_5c753095399c6fc7,fc3f73647a48ceb5c3569a3fa01c666c8358a4c712bdc9817b046f1701be0383.exe_analysis.json,success,4,4,4,4,True,True,
sample_a4fffaf983e5d012,fd3550391fea1a00a68314e70e813175bc133b11bd1f6ff880ce86b446daf4d6.exe_analysis.json,success,4,4,5,4,True,True,
sample_92ed8a5585fb2b3d,fd4836adfb22704eda3f001a15d2a127bc18a17aef9b57ec0bf86e3ca8353645.exe_analysis.json,success,3,4,4,4,True,True,
sample_0d62dcc0ecb72a6b,ffb92cccc894d79fa1d4c2207a5aa6c375e06d104bb145cbe7b07559dfbb1368.exe_analysis.json,success,4,4,5,4,True,True,
sample_f7bfdb7683dde00b,tcpview64.exe_analysis.json,success,3,4,4,4,True,True,
sample_f3dea795e7ea174a,wbiosrvc.dll_analysis.json,success,3,5,4,3,True,True,
sample_a4cfa6539ca7c914,x86__64__lsb__unix-system-v__clang-3.8.0__O0__no-obf__unstripped__util-linux-2.33__fstrim_analysis.json,success,2,4,3,3,True,True,
